client_id,default_probability
CC_0012A082B7B7,0.15314302781704897
CC_0012BC27DFB6,0.1355116376824793
CC_001563B2143D,0.1197936244276914
CC_001B46930B6F,0.09428894900491264
CC_001D771E1C9F,0.054728276409632744
CC_0028BD91E759,0.0750992494436767
CC_0029971D7EF4,0.25740582316642885
CC_002B8C00B239,0.04124900536869332
CC_0035DFA86185,0.7761909986930486
CC_0042D11A6D0F,0.05652336598056938
CC_004D21A4ABB6,0.11692866478679356
CC_004EE05FC2EF,0.5393121487658837
CC_0050E546EDCE,0.7068364290096214
CC_005D7F31F785,0.06984944447412057
CC_0079996ED779,0.17360772227324675
CC_0082B4E1D9CE,0.04851504225761422
CC_00B01C73CEB8,0.15731750113654172
CC_00B74FFEEA53,0.1698538798143538
CC_00BF6791C18C,0.1315150213583721
CC_00C5E30B288C,0.33163609486587736
CC_00C68CE1CC12,0.3900700499353219
CC_00CC4148959F,0.2020606422507149
CC_00D428772D30,0.36346104956834036
CC_00D5806C7783,0.08863786311732831
CC_00D5C677C2AE,0.45819671124289296
CC_00DA781C4D66,0.1011335229248928
CC_00E7E2D6B548,0.22948396839719215
CC_012BC0A68DC1,0.09471634640741891
CC_014911033882,0.15372352535723757
CC_014F7EF4E595,0.6314990714909926
CC_016501B25F2B,0.057304006544950326
CC_016767D9B049,0.04109532942164139
CC_017598512EA2,0.1314821568513328
CC_01941532C804,0.15376391000652004
CC_01A66C6E22FF,0.7548991749637304
CC_01A684355200,0.18666106106925615
CC_01AC62740827,0.1269267407917615
CC_01B0EFE5DB79,0.3054343687190648
CC_01B876B2988F,0.19183365725799845
CC_01CBB64C1DB1,0.32587897786816655
CC_01DBD993A1FC,0.06505311553461449
CC_01DC49D55C2D,0.04227101159836544
CC_01EF18A3ADBC,0.5191317541587742
CC_020252D37557,0.1765841548433041
CC_020BCDBCA8CA,0.3681141134258175
CC_021A6DD97ED4,0.13684534075703247
CC_022054506F33,0.07541519694042989
CC_0225D6231EAA,0.06439233153293444
CC_024B524B0176,0.0392997359690702
CC_0256303A6DC0,0.22373901911070349
CC_02589E6E4714,0.0777068270001946
CC_025927626E10,0.7291067427636294
CC_0283023DB294,0.039949634606688364
CC_02903C6FC0C0,0.18279831390981768
CC_0296E572CF21,0.04752225173076516
CC_02999E509460,0.5600273782627386
CC_029E835D91BB,0.07331647333519264
CC_02A32EC3526B,0.09175474014335744
CC_02A393632CD3,0.24815094535607507
CC_02A3E21B28BC,0.7520785723635118
CC_02A4B4644529,0.09555555041075017
CC_02B43865B30E,0.05974217621128654
CC_02B5A1A178A2,0.18654264556859013
CC_02BC4785773C,0.21844149185669653
CC_02BEDD9627DD,0.6408348346173198
CC_02CD2C1EFBB0,0.1146642966148587
CC_02D4430492D3,0.3497650868095561
CC_02F79A06858B,0.09852749537870995
CC_02FA254C9D43,0.05979332745488529
CC_03062402B4EE,0.06799694323306388
CC_03072CF2EC63,0.3510604072667052
CC_0315369B079D,0.09411711189066888
CC_03199242A810,0.16543059274441335
CC_03214BA76DB4,0.2237698803916713
CC_032735A44CC6,0.05138712799366605
CC_0330340F2FE5,0.17810638129328238
CC_033236FAAFDB,0.1476521384725431
CC_0337298F948C,0.04424850367338737
CC_0341CAE5E2E8,0.19971106937062127
CC_03434E2371CD,0.35567640730394323
CC_03547AAB948A,0.21211579355931656
CC_0354D0453D8E,0.12404757387693215
CC_03592E51F427,0.7870839248128141
CC_0365DEB525A3,0.08469580729408588
CC_036782052BC9,0.3218860603223881
CC_036977A50F1A,0.14640212016259777
CC_03720D08B8C2,0.28318909289755734
CC_038AE599BCA8,0.32136556895424534
CC_039E67CDFE1E,0.37747188959200884
CC_03AC962FC717,0.18193051211938108
CC_03B00DFA3A85,0.7968088401188629
CC_03BC6380E968,0.49152999540127945
CC_03BC730E0B02,0.02565403506696205
CC_03BD4F22DA3D,0.1417679396297153
CC_03C7E1EF6F69,0.8107262139054477
CC_03C9FA383477,0.10146643728756993
CC_03D1AAE90CA6,0.05695294108533596
CC_03DBB9598F39,0.13239744818667726
CC_03F18B43797C,0.08906913946225505
CC_03F80118E46D,0.05704015097817054
CC_0405E0151A6D,0.17208989196864732
CC_041FEE6C805E,0.3527699090920337
CC_042F88EE269B,0.1894291302153444
CC_043D98ED7F98,0.1633445790192522
CC_044C3537B769,0.1451579202562401
CC_045932C46685,0.14885043701322676
CC_04629624AA8D,0.19436291887639257
CC_04690B4A6AF1,0.24507674597741674
CC_046CF40369FB,0.1122131593691697
CC_046D6EC816AB,0.4687265654465617
CC_0475CD95EDC9,0.1258328207492214
CC_04796F06B82B,0.10991926804566998
CC_04AC7C1CE736,0.3286488985953475
CC_04AEDD051B96,0.3106993744361394
CC_04B42AD0E01A,0.34311589885130767
CC_04BBD1DB360C,0.32586415809291686
CC_04C767FFDA0F,0.48401729949596073
CC_04C7B819B9B9,0.09114727596832145
CC_04D127A775DE,0.08798019784256052
CC_04D9ED00053F,0.06709302533527246
CC_04E0EFC4F548,0.2921810068181767
CC_04E6848903E8,0.04006218256710008
CC_04F69D03ECE1,0.27609818631220806
CC_04FA1CFA1DEB,0.22858071286156978
CC_04FA6842AC62,0.04209282373470768
CC_0502F3791166,0.25835128753357983
CC_050B514E15FD,0.16983502308462345
CC_051ADBD6D835,0.09789619578437819
CC_051B4644216C,0.06694643103600031
CC_051C0A644DD3,0.026917497895701387
CC_051CBF566856,0.040681546115761684
CC_051EEA9AE819,0.1473481301703923
CC_0520E27BE904,0.13498297594865366
CC_05224448D290,0.12007680463790457
CC_0525DE4744C0,0.04044152466108689
CC_052F5CD81EFE,0.1871318207393894
CC_05368FAD2E6D,0.07214279913594498
CC_053788B82006,0.0916617700302381
CC_05471A48C6F5,0.1542267002097379
CC_056DBA1A87BA,0.07616976484266778
CC_05901F3E7A0D,0.1604661286092279
CC_05906BC8ED3F,0.14476249315105877
CC_059D55E32C78,0.07726608609081664
CC_05A12EF84A86,0.5113486366389428
CC_05A42D035609,0.13892874033351377
CC_05AD75A5CE38,0.06697585308043214
CC_05BBD4B92613,0.6191607993132242
CC_05C8EF6500D7,0.8012242211148097
CC_05DDB7B07497,0.09561452788268418
CC_05ECAE6E0774,0.2274185149781701
CC_05F11F14DF9E,0.32970128131340704
CC_05FA9192590F,0.13812214094934908
CC_05FD764FB154,0.7791192970847336
CC_0608DBB4DF03,0.24434233490745932
CC_06198383F6D4,0.11317065823854783
CC_06199EBE2B05,0.1769481101718257
CC_062A8881A331,0.06685697349174091
CC_062F74350907,0.053141631153467386
CC_0635AD30F004,0.7834969873178272
CC_0639F539946C,0.3063287557644255
CC_063DDB42CF5C,0.07924898359101079
CC_06405C00E240,0.24955189085163249
CC_064920FC9DAC,0.07418687047705422
CC_0650AB329174,0.712944068557275
CC_066941B109B9,0.1525788480462115
CC_066AA16F5874,0.2967305830575805
CC_06732311FB8B,0.15565598369087585
CC_06780061F889,0.09962678492070942
CC_068A81B06B74,0.4495118450111833
CC_06A1C5FE269B,0.3126323807313036
CC_06AA7138DAF8,0.04358903782527112
CC_06C0DD0D066E,0.7725742359033843
CC_06C97CFBD476,0.14653333500031154
CC_06D15F523C05,0.21419796412154396
CC_06D35787AD65,0.04341052550334785
CC_06DA375201A2,0.10088753435390645
CC_06DB455FF19B,0.650562744286348
CC_06F3674E7313,0.4523928238338744
CC_070232DF9996,0.1243176527622089
CC_07141FA77DBF,0.09803773670052776
CC_0715F11CC8CA,0.23133683877134792
CC_07168A9C843C,0.19916930360734839
CC_072AB9F855DD,0.04589944354180855
CC_07337AF6AC2A,0.1253736258419302
CC_07434E4E5C28,0.07585409756735685
CC_074381358A2C,0.04212111827160643
CC_074E7CA75E8A,0.2523659763152944
CC_075D0C618BAB,0.22537621003812205
CC_075D804F7851,0.09386368313854485
CC_0765961D818F,0.39454717570127856
CC_07698F10563E,0.07442352861451598
CC_0773B9BA9E18,0.2920984460149019
CC_0784ABDA7F8C,0.18677144443261512
CC_0790C9F9EC9C,0.0796646690918506
CC_07A996E6CA6C,0.24789845367131658
CC_07B588ED677A,0.14569796989338232
CC_07B730FD7F82,0.16784189527348017
CC_07BE6961D039,0.0883872679812393
CC_07D23A6BAF5C,0.1380584116794599
CC_07E08196A3DB,0.05583218955523539
CC_07E4850039B3,0.0892846270006741
CC_07FAAF8B2D23,0.05122053302628827
CC_07FB3FD9BE0B,0.12694998739735902
CC_080CB94A724F,0.32284695272535313
CC_0837C56711FE,0.09710690429804153
CC_084100A049EE,0.06045761384111017
CC_084113D0951B,0.2768904904235908
CC_0843DDCDD601,0.6499381582313664
CC_0846C14EAAFE,0.05274935554572061
CC_085091ADED2C,0.18023740176835534
CC_087943B4A5D2,0.1320648205398378
CC_08A97B98C405,0.17321785766677467
CC_08AA321BC4AD,0.1266308197542772
CC_08AA44ECBDD5,0.07664706790320593
CC_08AE2EE9D798,0.1822690150828779
CC_08B149462891,0.1570267369381985
CC_08C71A8D2D58,0.04879841737920282
CC_08D645F7B257,0.05725354415124454
CC_08D80BF0B273,0.05833807867944528
CC_08F52B1BE431,0.20638886148310237
CC_0903571AC7E7,0.1529757541343721
CC_090D528C09D0,0.45188214621706513
CC_09106BA6CFC9,0.09252939883113823
CC_0915905A5D48,0.09452592419388892
CC_0918F67CDF01,0.16483044211435016
CC_0925D0B6276C,0.15389322494711827
CC_092A2830E36A,0.7949567261463837
CC_0951489C8F79,0.03914867439626856
CC_0951FA4D5513,0.08959438792810034
CC_095C712064EA,0.07635536449251881
CC_0969AA7BEC71,0.08639586626264581
CC_0974840BED49,0.7657408342702063
CC_097BD371F652,0.09309499966810751
CC_097C8139DBD1,0.053379157632728984
CC_0981CA4DBCE0,0.030797258167472745
CC_09A5D2F129A4,0.24120573987090382
CC_09A9BE38080D,0.10354033196071961
CC_09CDC42E000B,0.17960369161800685
CC_09D8DBAB2A42,0.12003801110142412
CC_09EBB1960580,0.04392996819864317
CC_09EBF206FEE6,0.22488788368517376
CC_09F2AE996181,0.08111514222236597
CC_09F45833F53F,0.13372460824081575
CC_09F4F5C5B4EA,0.7799466809264728
CC_0A04BF4005F8,0.19242755185795984
CC_0A0E563D1060,0.08654582383804042
CC_0A0F781A999D,0.17787540826251344
CC_0A1138C37BC0,0.1525695562196817
CC_0A334A16524B,0.06011001293562346
CC_0A359CD5D73A,0.06551171571190008
CC_0A3E2C273DB5,0.09031741939117573
CC_0A4705B1E08B,0.05455905586370514
CC_0A67EB7C5282,0.1500332297715936
CC_0A6CD64871E5,0.37369028560589157
CC_0A75643FDC7B,0.06496200455552377
CC_0A8066F501AC,0.048822836420469196
CC_0A83017D027D,0.19194281484863412
CC_0A9AB7441D5B,0.34163294656155463
CC_0AAA72FA148E,0.3556467484014355
CC_0AAC488C8AE4,0.4407211599748003
CC_0AC2DB82398C,0.3410232566491601
CC_0ACA2C49A497,0.10729929040334509
CC_0AD4BBEA75ED,0.052988671781742186
CC_0ADCD6553B8C,0.052320626299403206
CC_0ADE56B56C41,0.039779128188709
CC_0AF4B5B4162F,0.759962476291269
CC_0AF9BD814AC7,0.11182953601528328
CC_0B083BE0FEA3,0.11201578159275484
CC_0B1384331163,0.06453771656727679
CC_0B216C6AF0F2,0.02930506089927226
CC_0B3465DB0684,0.5621023866198256
CC_0B442B91679E,0.14119796293867032
CC_0B455175F494,0.10480790366618861
CC_0B4C01B4002C,0.20744557944065684
CC_0B544A526D6C,0.059468908415271526
CC_0B5B19AFCD18,0.05802476631140109
CC_0B5BD2D224BF,0.060964911159768806
CC_0B6407C2C9BD,0.14437373542932333
CC_0B73F59991EE,0.084168637835149
CC_0B7579216681,0.08451001106514895
CC_0B7F3B4B32C1,0.2514330795032486
CC_0B830A67900A,0.12418631744831776
CC_0B84250F96B8,0.206504363717813
CC_0B92212B8E27,0.3592113450227262
CC_0BB43BC4B3BC,0.12206330868083218
CC_0BB992973640,0.056933525441519764
CC_0BBC41297846,0.10911434903305911
CC_0BDDB468A1E0,0.25722076457379267
CC_0C00A631C2B4,0.09420936564803051
CC_0C011AF6C857,0.33199477461921073
CC_0C0459AB67DE,0.1385205493069295
CC_0C18B07E451D,0.12264262855584451
CC_0C19EB845CA2,0.2363909821393439
CC_0C1A736F37CC,0.07518926561330297
CC_0C335C9D86F7,0.7890122773754249
CC_0C4C24D066E9,0.15757215931126534
CC_0C5499989AF4,0.17503931241904241
CC_0C95548CC1BD,0.15203296917018538
CC_0CA2DE660B41,0.20738274164980403
CC_0CA6D8CFCF2B,0.22071468569823993
CC_0CA9DF9C5C15,0.09751292229472702
CC_0CA9F52C92A8,0.19755088804145313
CC_0CAFB6C41CE7,0.1074949364691617
CC_0CB27D5313F1,0.6071757853773656
CC_0CC9DDDB8B44,0.05281733004142843
CC_0CCA18595BA5,0.2592849212974959
CC_0CD90568D3E6,0.22004541547287296
CC_0CE0D56B0584,0.09651279556988299
CC_0CEA028BF961,0.25389516725981187
CC_0CF67D68AF16,0.3881614302889346
CC_0CFAA0FB0691,0.0629438347514569
CC_0CFFD2785D2D,0.11457901841248735
CC_0D28AF91CE97,0.15404243802302298
CC_0D34E55A580B,0.1058875721063346
CC_0D3663B6524E,0.7703455029892614
CC_0D3C2864ACD2,0.3537293730992838
CC_0D5F4BE8132C,0.1600135095492609
CC_0D6D5ACB0889,0.24576103490045553
CC_0D7BFE8CC0D5,0.13792124181851795
CC_0D8852AAB481,0.20490759190146057
CC_0D97EF394C79,0.44234908912966553
CC_0DA8FDDE6DD0,0.06334682932932799
CC_0DABB89E37CE,0.07123229706641113
CC_0DAF0F2FAA86,0.10485293791119309
CC_0DB9E5F8EDAD,0.09235718795549445
CC_0DBC64F88C05,0.16593241753363513
CC_0DBDF018E822,0.0910019414600515
CC_0DC31A5A1096,0.056738888309556354
CC_0DC3870F23D0,0.04889689519640868
CC_0DD39F5D7C0D,0.06768872307180343
CC_0DDC2C18BBDE,0.06145410835458061
CC_0DE09CAA93E5,0.13648155941512144
CC_0DEA4477FDC1,0.1115326346360209
CC_0DED63EF6639,0.20416215666239235
CC_0DED7DBF26F6,0.23932877958076723
CC_0DF01CD21B9D,0.17581308403699353
CC_0DF6A478C01B,0.22890189980553577
CC_0DFE1A3FA5AE,0.16501741559664643
CC_0E07D5FB24B2,0.11503360476485258
CC_0E0CD9F23A5F,0.7162258261572484
CC_0E121FCB1D47,0.09138279394683194
CC_0E1423A4C263,0.22008939550224346
CC_0E16883EE8E6,0.41362508932305775
CC_0E1A2BA1C545,0.2034455278351607
CC_0E2B52BBA69B,0.07991339704855058
CC_0E40BAFC3530,0.1829985058132066
CC_0E48EE235179,0.0689572447743511
CC_0E4FA0FB9797,0.5899945454573046
CC_0E5162F59924,0.7505690090722963
CC_0E5E2FCAC8C2,0.29143938715709616
CC_0E68C2BE2A75,0.12655222954923606
CC_0E6C5A8D8CE4,0.10378143710722262
CC_0E6E9B0E674E,0.09206972946710765
CC_0E746EAD6CE9,0.08160869693829514
CC_0E968E7C22C1,0.3276870392401203
CC_0EA1483F50A9,0.14691767747939335
CC_0EA81362C7D1,0.17881911227279534
CC_0EAE97520873,0.3683928823100464
CC_0EBCF4228FF2,0.5207357630432816
CC_0EBDEFD0BDC2,0.07442568050287388
CC_0EC6AEDA63EC,0.3286515778817241
CC_0ED61DD76795,0.07786162876757981
CC_0EE33B1B71D5,0.12432221006886304
CC_0EE7EFF13EBA,0.05687721530016553
CC_0F0F136B0991,0.1542461077242336
CC_0F0FAF218BCB,0.07039958729847928
CC_0F125B48F175,0.10948554810733435
CC_0F292A238627,0.12740870038437271
CC_0F2949A1746E,0.07984477543391312
CC_0F2B71163121,0.08089310019930508
CC_0F393F1DE2EB,0.06777879651557521
CC_0F41B187053C,0.39409279246477047
CC_0F52EDC9D383,0.11454713802808131
CC_0F62C4F36236,0.1094730201855696
CC_0F6A29CE5D45,0.1947018363851691
CC_0F7C0515A6CF,0.1651446680010558
CC_0F8D6C89202F,0.19436410560865475
CC_0F933684CC08,0.1457151005380842
CC_0F9BA54F2AF6,0.053140157003963504
CC_0FA06CE7FAE8,0.04773645550045473
CC_0FD25AA655DA,0.16312697455499858
CC_0FF5570E06EC,0.7264048531608263
CC_10197FE0E34B,0.6886393345110702
CC_10355B5718CD,0.11789535765070241
CC_103A9D18EC12,0.1428032469418837
CC_1040DB6A21EA,0.11795788793630115
CC_104D2B84FC4F,0.04637199736721311
CC_104EA2802A11,0.10291179980187502
CC_105777B1BF91,0.056069763693857286
CC_1059F1B6C0C3,0.1160808084795853
CC_1061947FDD14,0.0628089375348078
CC_10689257E68C,0.3413801320251581
CC_106BFCFA7D7B,0.03836169638962805
CC_108FA04AC10D,0.07921135261627199
CC_1092915D0093,0.11766224573637851
CC_10A30F88E157,0.15989914980692294
CC_10A657027AC9,0.7079503860402232
CC_10A6EAF27BF3,0.052407986378452155
CC_10B148BED568,0.3647760338275965
CC_10BB7101F191,0.028977548950527083
CC_10BC5BC3A9AD,0.37106071036629734
CC_10F27C70AB99,0.11678442976965608
CC_10FADDF63CDC,0.15393727877020574
CC_1107D9301AA0,0.09701161252434962
CC_111A6DE5D9C7,0.6983307711132236
CC_111DC3B1756E,0.2626977174427159
CC_1131156CC6F6,0.13101462478952064
CC_113B66D5D5D9,0.13042426309036628
CC_1143254EFF36,0.05801063093032405
CC_1145E5277FA7,0.3077235453221852
CC_11521077BBB0,0.14248856456954553
CC_1154861ABCCB,0.5805793871999818
CC_115BCAEAE2A0,0.07603352938435054
CC_115BF13E8BFC,0.2362576070753288
CC_115EBE5044BD,0.33242415185947016
CC_1165AA07FC47,0.6802387237648105
CC_116EE8219753,0.05296201566838975
CC_1176FA3233B3,0.050875953863754333
CC_117C2A1587ED,0.09036174506972099
CC_118C0A1D14B2,0.2606072305724779
CC_118ECB589F3C,0.1058618857541908
CC_1190F13FB1FC,0.12184503251440737
CC_1192EEC65A1E,0.2038476370152391
CC_119B1FEC4D83,0.19861930838645508
CC_119C413C2580,0.10915882969679278
CC_11AB74142A2E,0.808420619080632
CC_11C8A291FD11,0.15558909659651907
CC_11D1E9C39E41,0.06462146476511291
CC_11D600EE1BD6,0.16402362905229906
CC_11D7539AC69D,0.20866531855727838
CC_11D78BB50016,0.12088095384379097
CC_11E0C583685C,0.08263279919320596
CC_11E0D2F15AA1,0.03806625578759178
CC_11EDFE67C719,0.6645575853927057
CC_11EE85F284B8,0.21939275106336448
CC_11F700202C6D,0.1506963893676914
CC_11FB668DF543,0.11265479281948769
CC_1209FA26609D,0.03788739404443192
CC_120CA1B916D0,0.13466761890001253
CC_1210186F4D33,0.07941952549437324
CC_121F621374FC,0.21032359874536105
CC_122532C1FBCB,0.14103129884994828
CC_122B19CBC88C,0.6857930470169676
CC_123C7F0111C7,0.6605593899326121
CC_1241EE42F174,0.1481707098965337
CC_125B7100F1DD,0.10472781602687532
CC_1263B255B3B5,0.16739148287733618
CC_12878596E940,0.08731991707381631
CC_1298ED71A9E0,0.06856366435443073
CC_12B555C6F086,0.14798221810042753
CC_12D22C629874,0.16684274137023222
CC_12DD89EA0C14,0.16572513540698922
CC_12E24CDE2684,0.1797999888643791
CC_12F3B7309455,0.609802607297877
CC_12F8E7A4BBE5,0.33876226999837517
CC_12FDEAE4873F,0.20635737382820957
CC_130F7B067939,0.3708744662394937
CC_13209EDC85EE,0.6625849515340052
CC_1332B6F0E543,0.21693856443535522
CC_1334E256AEBC,0.6558287588107093
CC_1337726B2AE6,0.10164666902047803
CC_1338237BF402,0.182019404238286
CC_1341DF38D9C1,0.1614716547715948
CC_1342F868176B,0.6538898839720122
CC_134651CCD2F8,0.16472280087000424
CC_1363E3090578,0.07294091350802774
CC_13736493B695,0.05419551022537987
CC_1392DE633D4C,0.24155378411204537
CC_139ED2E0AD76,0.09543316892192999
CC_13A5383EA098,0.6149644196145043
CC_13AA272C6861,0.07163582051019758
CC_13B74E4EE3EF,0.17887660175013576
CC_13C437E86B81,0.4966264876494995
CC_13D61B077E7C,0.06958955461977367
CC_13D7115A8FCC,0.19990823211523018
CC_13DFE319B21E,0.7890313908398814
CC_13E0F0B3FAE6,0.20969140894017824
CC_13FD88C2920A,0.7523454897719333
CC_1401CB818627,0.20105881785511354
CC_140B86E74F74,0.8090064765985786
CC_1452A0B69085,0.05174753252552714
CC_1458CA7329A7,0.24569211111268907
CC_1459E7125AFB,0.10666661163871055
CC_14633EC7F622,0.4023807169001144
CC_147B1B30DE7F,0.10162093192538904
CC_1484511F54C5,0.34055781345632363
CC_1489A941A69B,0.2845890165517402
CC_14A8B16706E9,0.0866769317577635
CC_14BE52BADB77,0.09197352558046448
CC_14D53413FBCE,0.32250045229930124
CC_14D59B58E51E,0.1601532205306841
CC_14D964327B1D,0.06965943272993952
CC_14F5D06CF093,0.11715081964691947
CC_1501D63D5A80,0.3653625060533561
CC_150E3A0E5084,0.1882193096255544
CC_15152312AC56,0.05627577891141259
CC_1522BA0411C3,0.0664131054033297
CC_1534B0241A1B,0.061894470750940754
CC_153BE2BEB74C,0.16209614978083553
CC_154BBCD4DCEA,0.2156547372350252
CC_1552EC27FC0C,0.6950562864412058
CC_1566BFF4BCDC,0.3623856890677303
CC_1579BD86A63D,0.3293533511461777
CC_1583CFD90530,0.2808882297978863
CC_1584385F38C8,0.07300347113059098
CC_159656F13BE8,0.0913887718477715
CC_159B6F6AAF1E,0.10595339076897611
CC_15A4934FD96E,0.10251529066319504
CC_15B2140CE869,0.08855971941412069
CC_15C0972DE384,0.6558040485625902
CC_15C0E30FF2DC,0.12278663706671664
CC_15D617FAB434,0.05085929614937813
CC_15DA0F4FFF0E,0.3009926742814124
CC_15DAE76D15DF,0.04608364297113006
CC_15DC7C139EBC,0.43175444033018534
CC_15EB741857ED,0.08333704706712629
CC_15EC51F4C521,0.32088185844080597
CC_15F6259C7C53,0.07318235862972264
CC_15F7C012E10D,0.4534631931309904
CC_15F7C1BEC28F,0.17946507396975409
CC_15FF58854AEA,0.27921183845079955
CC_16035CDDC2F6,0.16617953678350317
CC_16095572722B,0.06754269809617416
CC_16109F1CE0A6,0.30246148141748724
CC_16150E74E4DA,0.15826515247086148
CC_1629E47AFBA5,0.07470871548184052
CC_162F4582D06D,0.6315617711940933
CC_163194DFEDDA,0.04633597479683105
CC_1640F01B7730,0.09723482969550955
CC_16460554039F,0.036947552372458295
CC_164D308CDE41,0.24022298894229438
CC_1661041F819B,0.7935168964832893
CC_166829780A76,0.10634802173434112
CC_16798666E855,0.11280907652075611
CC_1684B5493414,0.18601052567897394
CC_168A8907C8F4,0.07212950394008408
CC_1690EC56D088,0.062410853707042996
CC_169853EEAB4A,0.10061311732874759
CC_169B7FD839BA,0.15755729560642634
CC_16AED1A3008A,0.13964132803592452
CC_16BAC7837C73,0.17249873434033575
CC_16D57E1EEA01,0.13903263919037243
CC_16D833E56D7A,0.14933297573952353
CC_1702487A047B,0.18699893532698791
CC_17029F78E70E,0.07372641813543288
CC_1702F3E986AE,0.08257911736813493
CC_1707181BB559,0.05425515460821187
CC_17117BF03935,0.30487331073873436
CC_1723E40C3D40,0.19308040567634294
CC_174FBBE9ADD9,0.2110214383670238
CC_176E6E58FD1E,0.11083049138409692
CC_1783F37259BE,0.09919039469420188
CC_178B135605CA,0.0987371083165163
CC_179AA5165026,0.2948649948819411
CC_179DBA1C4CDB,0.31725078870486223
CC_17A1090B69C9,0.09756433936898021
CC_17AA1A4C904D,0.18962151665214683
CC_17B06C06FDC1,0.18200976564802007
CC_17B89AC1FD03,0.19366809322986805
CC_17DC33AA73F3,0.0702584212817826
CC_17DE4D267831,0.0879630836992969
CC_17E929BE0344,0.3324835994089266
CC_17EB83DECE5E,0.5107732094789867
CC_17EC9982E5A6,0.1571633332972089
CC_17ED5555B4FD,0.2313218479405122
CC_17F4292DAF8D,0.1138614695890057
CC_1807B0980C86,0.07768211539384368
CC_181354A58B53,0.10622127484746892
CC_181E7266E018,0.08997843140919008
CC_182AAE7CC3CA,0.5216384027242115
CC_183EDEDC5DA7,0.10471449016158874
CC_184C47552665,0.2535632052470987
CC_185A7392A475,0.29037754523122283
CC_185FEFD3233A,0.4025669449429251
CC_18676FE5FC07,0.0755905567414644
CC_18776C4FDE28,0.08568249103613275
CC_187A8AECEFBC,0.1550573406220547
CC_187E7D0B4E82,0.7123458065537931
CC_18839D393105,0.14458669329075796
CC_1888476F6CF3,0.08949681660275965
CC_188B1ED2AAA5,0.3184239095775092
CC_18A4257C3172,0.2804684115035394
CC_18A7929D9FC9,0.21891665907609678
CC_18A8695F185E,0.11144116207563763
CC_18ACE64E8F74,0.16054184703604774
CC_18BF4A29BB38,0.11591957546729581
CC_18DE36F7D294,0.1665020271147864
CC_190EB07AC1FC,0.13611386415840804
CC_19219F2C60B7,0.14160517863481725
CC_192262DB0B0F,0.09199470114035359
CC_1929746E06CD,0.6725421093301316
CC_193356E72D61,0.6506181858296376
CC_193938E8EA40,0.17305271687500584
CC_193C60092202,0.5200367547621397
CC_193F669537D1,0.15978627539467813
CC_194E13150BE5,0.0543931471803939
CC_19556DDCCDB3,0.03836639653120685
CC_195A6E9B48A2,0.16554822148340756
CC_196DEC616B33,0.0743301362792374
CC_1978B23D64A8,0.13190496727915538
CC_198562A4BD86,0.12818835551763402
CC_19864C9572BC,0.18864261230845902
CC_19868B6887C9,0.1293347948375098
CC_19969E05AB2B,0.1500768702909382
CC_199FC89885C7,0.10997206465656915
CC_19A40411B404,0.23770986757764934
CC_19A6D9B60B29,0.569112284192099
CC_19AAB010550E,0.06423396311051019
CC_19B4743DFEEC,0.056996596468962005
CC_19B95A61D757,0.1883979634943969
CC_19E6A00F6A5B,0.08379704731355911
CC_19E8DEC29F47,0.5885591288580279
CC_19EA54976042,0.18507376399945275
CC_19FBBEA75B7F,0.1337955212847609
CC_1A039E58840A,0.05874162693427353
CC_1A075331756B,0.12707862777610612
CC_1A1E1302C432,0.1703192155480259
CC_1A37690EAEDB,0.169951863557722
CC_1A3BF9F5BD42,0.14320551761017916
CC_1A4268FEB02E,0.19362257778492883
CC_1A5F8618A912,0.30692800046614477
CC_1A659D4D521E,0.46045605371177234
CC_1A879655902A,0.0754366945173224
CC_1A9F6DA46BC2,0.14134056266763428
CC_1AAB15E81743,0.035847733797366714
CC_1AAC389EF8A2,0.2662668212137023
CC_1AAD0CE365D9,0.10040264993392926
CC_1AAD9152C90B,0.0382496580096125
CC_1AB15BDA9296,0.07323751905392482
CC_1AB8BDA3041B,0.10206893693021557
CC_1ABB9CB074E2,0.72295577982849
CC_1AC1B1A3978D,0.06809058148080409
CC_1AD20D1F9C08,0.669958965060551
CC_1AD881A90D1A,0.32867951339985657
CC_1AE9811724DD,0.6987043796201244
CC_1AF1AAAB9D12,0.7814112851165924
CC_1AFCC4D0ABD4,0.16218432192579207
CC_1B08ADAFD1C4,0.15857218737917822
CC_1B10139C7917,0.11724208152451898
CC_1B127133B948,0.12406445658317786
CC_1B25964EA376,0.14138766896362162
CC_1B27A85C7244,0.1817154661033557
CC_1B29F4378A34,0.13063245416397232
CC_1B2EC0BD0677,0.38832308594116305
CC_1B4AAF37FB97,0.0855984550927346
CC_1B5E792F6E6C,0.29204898345059765
CC_1B7166DAA790,0.11321374532855386
CC_1B89FD901C95,0.09146805647783837
CC_1B91E3A70338,0.06438142455998297
CC_1B9D9B7184F7,0.17952633377294142
CC_1BA3FDD92B1B,0.061860877927951585
CC_1BA9B3D67170,0.12725504243093116
CC_1BAF97E2BCF2,0.09672927488459095
CC_1BB7D8A54021,0.09818139569432292
CC_1BD548A5FEF3,0.11893617260210775
CC_1BDF1893ECEB,0.21951729157299038
CC_1BF117A8AF9A,0.06214135198275282
CC_1BFA7E407428,0.7796272727496385
CC_1C0066F472E4,0.6894887068450264
CC_1C09CC2385AF,0.06184644726597285
CC_1C11467AB472,0.6883185486335244
CC_1C1627B7EE6E,0.04391868473926397
CC_1C3259B85E28,0.17562740234597957
CC_1C334ED885FA,0.042944300821172635
CC_1C376760FE39,0.0697713373336745
CC_1C39A1ADF3F2,0.14920287627929202
CC_1C450FC77478,0.1260664542067958
CC_1C48409023DF,0.4363831302472515
CC_1C4D03324C60,0.33396299699203735
CC_1C5F1E1028DB,0.04354449740765126
CC_1C6681C0AA7A,0.800099894448155
CC_1C84CFE19CDC,0.2416660286293555
CC_1C8B3F689C6D,0.21002351851536405
CC_1C95674B902D,0.047243393003496385
CC_1C9A4C11F28F,0.15269291276340746
CC_1CA3F50BABEA,0.09001009499254993
CC_1CBF42D35AED,0.652913641327234
CC_1CC11BEADBD5,0.1364925680131126
CC_1CC3CE396A8A,0.2339819449073987
CC_1CD2B13C2E6B,0.07683941315283803
CC_1CE0B37CA670,0.09198766626736192
CC_1CF5A99FC068,0.13544416523992728
CC_1CF71AEB6671,0.07450373356436049
CC_1CFE066F5EE4,0.19658750334246097
CC_1D00B360809D,0.08427703530898036
CC_1D1173F82F2F,0.09308761966320873
CC_1D1E06E0B393,0.16820300938392516
CC_1D2789866B1B,0.07616791484058734
CC_1D2DD7DF781A,0.19569638999939104
CC_1D313498A2DF,0.17343954794744154
CC_1D68396533F9,0.33120451013203145
CC_1D7235BA1EAF,0.1832328992760778
CC_1D7ABAF9D080,0.041365651226537625
CC_1D7FA51D0D7D,0.4787365732379258
CC_1D8CFB3589AE,0.06167007697146263
CC_1D9421A6EB19,0.30414554115540954
CC_1DA0AC68719F,0.3529810449003405
CC_1DA366D588B6,0.09070245347774593
CC_1DACBFE0296C,0.09852361507816731
CC_1DBD6A716910,0.6263129639185121
CC_1DCB75B5CBDE,0.3418871446110505
CC_1DCDADBC0E90,0.4192873906855451
CC_1DD11FAF43E8,0.12728023356922188
CC_1DD8064E71C7,0.20177067553758787
CC_1DEC926EE25C,0.1062374368487136
CC_1DECBAE4FC5B,0.046761086850298894
CC_1DFF80E6D4DF,0.06542247173401095
CC_1E025C3597E7,0.30857798369986755
CC_1E082052CCBA,0.6730779856207958
CC_1E0E30441DD1,0.16869631045423997
CC_1E20E200611C,0.14862154962952584
CC_1E354C75EB9B,0.03273133439319044
CC_1E3B2C15EBCD,0.18693871299252873
CC_1E4DF11FAF55,0.13036511117840055
CC_1E4FE60DFD8D,0.7410762305546091
CC_1E5A648D299F,0.1794148517812584
CC_1E6C0A8B3841,0.6838177842277902
CC_1E7FA6E807A3,0.23042822914593925
CC_1E93F760EC93,0.23852020761378517
CC_1E99F40FA03E,0.08212345692410045
CC_1EAD09DBC23F,0.21604155086445356
CC_1EB3D53252DB,0.24659490543833418
CC_1EC889E04D69,0.11357628848176077
CC_1ECCBF6853F6,0.5002026729284408
CC_1EEC4520436C,0.15229336714580552
CC_1F2827DC99C0,0.16130029222923747
CC_1F2C184C5227,0.08275921066493214
CC_1F3FA8091B02,0.1484180309913641
CC_1F4E07BFDC8C,0.051704170249636056
CC_1F4E0E9B54BF,0.06866255202478111
CC_1F55738A6A27,0.3578796091566686
CC_1F65276D0EF8,0.11118453291915917
CC_1F65C797BD40,0.060009504567155786
CC_1F668C0AE868,0.09378409702314247
CC_1F6B19A04BD8,0.05486359219170939
CC_1F945A60367E,0.4882119724411992
CC_1FAB6F11DFCA,0.7175812887824882
CC_1FACCCE95224,0.25641375313465953
CC_1FD010E5EA82,0.07077562129020254
CC_1FD2B7BCCD20,0.6666188628375164
CC_1FDAEC3D5CBB,0.09566804386095915
CC_1FDC65FE3DBE,0.1577418305313406
CC_1FE696D8A81B,0.06897919582853565
CC_20027685F59C,0.7447690710650287
CC_2009F3D77774,0.1673475850213325
CC_200C552C40F3,0.14112916776307982
CC_201459527065,0.12146821054747153
CC_20275029A688,0.07567541252722561
CC_2028DA597C34,0.224510669497395
CC_204E557E5046,0.4092323029671151
CC_20542CFCFB39,0.04345434451026925
CC_2060F813C9B2,0.2252203831329196
CC_20813A9A7F71,0.1273005629455014
CC_208429A11E2F,0.15802967335216778
CC_208B0FE7CBAD,0.11776214044257674
CC_209A511030A7,0.034756963994590495
CC_209DD60421B5,0.07021045776246283
CC_20B26D646D62,0.1475245215634621
CC_20C47966B174,0.21675632219328184
CC_20CFE9681E4D,0.07835477635801519
CC_20D4DB0F3E3D,0.04811185391348123
CC_20DD84CE3CA0,0.08551716083885419
CC_20E57CA675DA,0.6159129014288524
CC_20F129FFBE00,0.22623307834414833
CC_20F4E0F62D2C,0.07564546519270307
CC_20FEE0B2130D,0.5822755408773412
CC_2111B298C212,0.11087287657424624
CC_211315AD7633,0.21237117070503858
CC_211504721E27,0.17550004630736327
CC_2119919BCB4F,0.7568091000975303
CC_21375C9ED931,0.20668892605981587
CC_213D2A5355FB,0.22869035313411198
CC_214B50E48E94,0.13289104701523408
CC_215F86D986BA,0.12971791197021793
CC_21600308F496,0.0440143870698098
CC_2166F3F6344B,0.12418804883977544
CC_2168BBB42053,0.13781142344523553
CC_217030CE0127,0.051027538469765515
CC_2179067B405D,0.05394794868052301
CC_219B59B67193,0.17498740127640916
CC_21A9E8DB58FE,0.16997794372271718
CC_21AE679C5E95,0.25772153328848535
CC_21B98D13174C,0.1109637937894973
CC_21C81BC15002,0.11965565891367767
CC_21C9B26CFEA3,0.08375176463702896
CC_21D22081A4CA,0.7771320678256177
CC_21D29CD736D3,0.33349519879081174
CC_21D3CEAF838E,0.20718171728172002
CC_21EF792A3811,0.5502210275835603
CC_21F04E996723,0.4362407070639796
CC_21FB6C8AB8BF,0.43218159457398775
CC_22067686F6C4,0.6764687864420431
CC_2207A39B7BB8,0.12625425757228043
CC_221053121AAB,0.20484816615051102
CC_222423774191,0.0762819587711023
CC_2230EFBC99AE,0.3810640503383406
CC_223BDED2A465,0.2543144155153463
CC_223E3CA7A07F,0.16616566690976986
CC_2250B42E48B2,0.11909133084172202
CC_225935E43583,0.13785550715636463
CC_22781E93CF84,0.21207473192321163
CC_22784AF3CB6B,0.4668529033265755
CC_22831690395E,0.20288326681212193
CC_228E6CBCC935,0.6433944186667215
CC_229338EBBA6C,0.10413385685885879
CC_229A63057E54,0.4931068174865965
CC_22A2D8A4B437,0.06824448847937317
CC_22ADE1EE9BC7,0.14677043096033154
CC_22B69E7C415A,0.048589655443231086
CC_22C590B43FEF,0.33948140984488584
CC_22F06379D8FD,0.04139203036267874
CC_22F282264A1D,0.11626436102231466
CC_22FBF5F0E1C0,0.2690290376524299
CC_2302088175A3,0.2676821479807041
CC_230672EAA654,0.029428092154785812
CC_230870B121F6,0.14667450831020443
CC_230A051B2B3E,0.059635966874493795
CC_2316F57AFB7A,0.07576214708746523
CC_231D091FCD1D,0.07121563841054698
CC_231FDED1781F,0.22741576318127374
CC_2320053D1183,0.056193853003752306
CC_2320AF507566,0.1951076268735905
CC_23321FF41C3D,0.22257509086576932
CC_233470D6BE72,0.6193468546927033
CC_233C8EBC95FC,0.41763323144494824
CC_235F99F13500,0.13783316554789626
CC_235FC02CA52F,0.19381093142432348
CC_236C80CAF53D,0.16647232289600142
CC_236E7222D97C,0.08261726632733765
CC_237B86FDC93C,0.07097750464276449
CC_237E7EB2D7D8,0.09116108477728606
CC_23830081EE1A,0.6090910935024211
CC_23894AAA08DB,0.5345152305267732
CC_238CBFD6E20C,0.3890900786425095
CC_2392A4A79C9E,0.04194181048148174
CC_23A474D43C73,0.18579196892467284
CC_23A9CC59BA0D,0.028184096387548215
CC_23B158D8306A,0.13872760751260532
CC_23D147F1870B,0.16561571073147777
CC_23D2E73DCFCF,0.1234158037838457
CC_23D9103D1EAB,0.03342617875752202
CC_23E142182F2F,0.6932684476658868
CC_23E43713A108,0.04061989170574391
CC_23EF2911610E,0.4778400231515173
CC_24056B76BD7D,0.05769988704315209
CC_2416ECE66177,0.12718309596202124
CC_241E65816FC2,0.052081188758811986
CC_241F7E97FBDD,0.05456758154245747
CC_24217201D7A1,0.3530143525299233
CC_242301FCCE50,0.05679083926456095
CC_242C69CF0B12,0.10932056522312414
CC_243B23702DC1,0.1640336894571026
CC_2456B9C796E4,0.12468683011455584
CC_2457D89CB88B,0.6468417718159853
CC_24667210E2AF,0.2231188300428767
CC_2468D206CAEA,0.057446868835316516
CC_2469630A4F86,0.2837084001596777
CC_2469D83D9594,0.03676149177556499
CC_248C65EF54A5,0.6631230515253468
CC_24BCCA7941E8,0.10558659372593857
CC_24BDC1CE2A3A,0.20618799095683799
CC_24BFCCDF957C,0.04486382924231015
CC_24CC8A1B1CB7,0.14358379159682472
CC_24D4B1852554,0.21075890769522135
CC_24E65FA5A32E,0.14310467506057684
CC_24EF3EDB6857,0.054533735234131166
CC_24F15A19D648,0.18388007400462705
CC_24F2410B5A19,0.11570954092670262
CC_24F27E7DE1C6,0.5097606144414895
CC_24FFFD0C983B,0.04356092942569533
CC_2504E9D5D5E4,0.14390615925367128
CC_250F6A0DB62D,0.06374752780456963
CC_2520E13DF0A2,0.7388435221766672
CC_2539C315029D,0.26584293097749156
CC_25519ED78507,0.17174323000691455
CC_255D49296DB6,0.11620099835424767
CC_255DC60FF5BD,0.05371548043080525
CC_2563C9EF9D55,0.05838108974215424
CC_25756EB9651F,0.11606041662712085
CC_257CC46D379B,0.43318572273753975
CC_258D5F80A933,0.7282680253037213
CC_259D87270257,0.20054707277688946
CC_25A41AB21C94,0.23374739831599234
CC_25ABCDCC8B71,0.11713678496177991
CC_25AF0D0569B5,0.089116109461754
CC_25B61D393144,0.1674757787147572
CC_25B95D7288CB,0.3753599302703998
CC_25CE2F2F13BE,0.1955690625745774
CC_25D1A5971976,0.370380010880078
CC_25D411B46F00,0.6627358725370718
CC_25E7A2DC5E41,0.05669887651254771
CC_25F4C8E51AC2,0.5058971952868296
CC_260323EFB122,0.6052457415021641
CC_260F10484312,0.05817655398708078
CC_2610D0F1D0A7,0.16536426421398306
CC_2615866F35A2,0.11972484211550774
CC_261DA4E8DBEB,0.12088059077639655
CC_2628F00B0745,0.35448102857133656
CC_26338E9AD15F,0.14849697914977703
CC_26346B99BDBE,0.637340843757402
CC_26351DBC1AF6,0.16109634185758379
CC_2637397AA3F3,0.5947567899757069
CC_26675C32611C,0.7670221806280252
CC_266E49E49071,0.17984484558452302
CC_2696368A4DC6,0.03739247958142504
CC_2698641B68A5,0.10463713202237487
CC_269C5AE6A1A3,0.6435499292779543
CC_26A06AD1206C,0.7813835778823206
CC_26A358B0C10F,0.17825235729870165
CC_26B07CB02EA3,0.5653285242454085
CC_26B638BEA8CE,0.12633654132067437
CC_26C33B649FC9,0.07505485721245404
CC_26D5B969A36F,0.3541003072462503
CC_26E3A1226C2D,0.15951875048153413
CC_26EEA3F0224A,0.2557606590885493
CC_26FA5E5A718C,0.13864727501989105
CC_26FE119D4919,0.08053189180506515
CC_270B462BAEF3,0.033938126619985305
CC_270D929FEA9F,0.07168014011905006
CC_2731AD82BA11,0.150866703159204
CC_274144AE3E86,0.16660404724898284
CC_274AE6E82879,0.16680959848658183
CC_2757A490C5E1,0.08312186135517644
CC_2766F6011BD0,0.38957076722234624
CC_2768E644C697,0.0543072021996832
CC_2770DF70328D,0.059910088717030165
CC_277503968C44,0.4759388863515568
CC_277CE974AA8F,0.26201901957885204
CC_277D246E39B9,0.20472180544346247
CC_27A1CC725B7A,0.06583902694688099
CC_27A798829CA8,0.6361272058202481
CC_27C938FC8DC6,0.4345903550328967
CC_27CA2D819E7A,0.054874121166427765
CC_27E3712F0E38,0.13661588820027198
CC_27F3B3F43FF9,0.03719021396840417
CC_27F9832EAB8A,0.4240746945396957
CC_2809CC131F3A,0.6252788089159338
CC_2812523510C0,0.16928322254106032
CC_28151C75756D,0.04311039059283147
CC_28203CC976F9,0.11937681868000834
CC_282AFAE06F96,0.08727803881529417
CC_282C2404F4C0,0.06583125401062082
CC_2834BA2F19FC,0.19277338290321494
CC_28432E22F47D,0.5647625957308418
CC_2844882CC439,0.0505299486882137
CC_284F79726032,0.42263586433740025
CC_28544783AB15,0.4626458044419971
CC_2856104729EA,0.6944903885778633
CC_28625CD86761,0.15575786008163472
CC_2866BDB46FB1,0.08468073353384188
CC_2872415C6B36,0.0677326579316022
CC_28752737647D,0.654101627951226
CC_2875C281EE88,0.05398632779624452
CC_287E3E9EDAC9,0.06142949337300359
CC_288A2C49D62A,0.0494668629549055
CC_288FA8CD819C,0.15634051767254575
CC_2891894CCED4,0.07533528791297131
CC_2895608A9699,0.12304839045956997
CC_28A2EF7926AE,0.5969002509835318
CC_28A7DBD2B710,0.19659003271701947
CC_28AD81DF2C51,0.12031509908364971
CC_28AEC29CEC25,0.16140788539439482
CC_28C1C3DF7928,0.11004208307782923
CC_28CA76962EC8,0.16198193468366862
CC_28CD47803B6A,0.06884860074446987
CC_28DF569DBBE5,0.07368148096834747
CC_28DFE611C657,0.0879504611659663
CC_28E11E6A6C8D,0.1678120788439506
CC_28F58ADC7CBC,0.11147769537992877
CC_2916479EBC84,0.1318485373231
CC_2917C6CB0B2C,0.13017798088339083
CC_291C7830D4B5,0.35641854943212237
CC_291FE1744E5F,0.08766304540727829
CC_293124F1ACD1,0.14478218265212947
CC_293C2D704AA9,0.3426235060179893
CC_29432A6B2555,0.13585912201193895
CC_2944B427406C,0.19236089584937444
CC_29468B7035D6,0.12435034791176704
CC_294A9A24E473,0.06057452801600483
CC_294B94EB0E07,0.17211568060789345
CC_2967C29E4C3A,0.15079886372697587
CC_29716D5835F4,0.18867099895013123
CC_297179FF2BCC,0.42996889145173756
CC_29803690C939,0.2314571441298798
CC_29821539DC4D,0.1428061750395014
CC_2983C1D2A273,0.15372363745589807
CC_298CAC5A1868,0.6215111330987872
CC_299EBE0FB429,0.14452988012897994
CC_29A1C0073882,0.4572270028123445
CC_29B6065F187B,0.3470720640664231
CC_29BC66C10F87,0.6010037487415875
CC_29BF3C3D9682,0.21238259562456377
CC_29C4425FB2DA,0.1859152830975526
CC_29C5D0D72D61,0.13700649415472746
CC_29D65E313500,0.13347285127255418
CC_29FD856F47A5,0.7438339225517072
CC_2A097F88615A,0.0844394534185679
CC_2A0CB4CE1A48,0.2634639310096697
CC_2A14C1652D6D,0.20823794345427796
CC_2A1F96F80938,0.12680479206415352
CC_2A23F71805A2,0.1350165929366504
CC_2A2BF2FD0498,0.12526241261895368
CC_2A358A1D3DDF,0.6254808780996906
CC_2A3E371F0DAD,0.22780508301618674
CC_2A423FC8A330,0.3163619568304219
CC_2A43368D54F9,0.4008337899114025
CC_2A47A21C0E07,0.6215770808989665
CC_2A4CB02E7A1E,0.14282735347624728
CC_2A510080BA29,0.16607687946947874
CC_2A5316E550F0,0.08892065927936926
CC_2A59695EF90A,0.5730949586284628
CC_2A606D00CC46,0.05406920939326048
CC_2A6C69145AE0,0.07050132120209628
CC_2A6CD71471A6,0.12101160699641356
CC_2A70D6EF64E1,0.0681112020009226
CC_2A844754AE67,0.5963215511462865
CC_2A85A7B242FD,0.2107885172890626
CC_2A9A51067D7F,0.15704058916252012
CC_2AAAD4020436,0.2074268394291819
CC_2AB62BCF3704,0.07829139154171905
CC_2AC1C8DE5649,0.12264098917383488
CC_2AD10D78793D,0.7321922870279483
CC_2AD26446A7AE,0.043720784342217905
CC_2AD2D35975D1,0.06658686817098451
CC_2ADA07B0211F,0.29732736889849914
CC_2AED2D284351,0.3197476941278067
CC_2B01FDE2552D,0.2387430925618662
CC_2B06DDFD7F8A,0.07685244620181472
CC_2B08FBC0A948,0.17711052089839346
CC_2B1914218468,0.7575125286109174
CC_2B1D93E12DC9,0.18591641987556723
CC_2B248C488918,0.09848628175221143
CC_2B256891C60A,0.6023450306445319
CC_2B2801591A25,0.38475319306283334
CC_2B2B7CF1E40F,0.10354865825486259
CC_2B2F4204834B,0.19936518737304476
CC_2B5443C7AB87,0.07788734701271224
CC_2B5D780AC244,0.6317600443524432
CC_2B64E67CFF13,0.06563088451908039
CC_2B6B872C8D21,0.05999015571566736
CC_2B85D931F011,0.10544332138593002
CC_2B959EF030DD,0.14473761214487996
CC_2B973D1AC16E,0.12101221042852317
CC_2B98983C2687,0.04485045229102732
CC_2BA581E7B8D2,0.09745624869098916
CC_2BB2C432C369,0.09352982330587493
CC_2BBE19587CD5,0.0899791408016755
CC_2BCB838A9581,0.14015712238345093
CC_2BD0E9336EB4,0.08401858913312579
CC_2BD1633FD528,0.09065211914233652
CC_2BD58FC8C2B9,0.04253787726516347
CC_2BD6083CAB0B,0.8155225168094544
CC_2BDD47B177E5,0.8250339384625265
CC_2BDE889EB05C,0.3247040994638173
CC_2BF8DB192A49,0.6633186648101321
CC_2BFDF46F3AC2,0.11880894307656838
CC_2C00CF2FAE22,0.12359075835973206
CC_2C06DDBA1073,0.37759262641533153
CC_2C16C7838FAB,0.7992066355669938
CC_2C263A1A732C,0.16267506628669443
CC_2C34105831A6,0.18310276142020757
CC_2C43FFA06F31,0.10748896815084386
CC_2C4DEE4CA1CF,0.05488788545122179
CC_2C56DB55E40E,0.08291469826904872
CC_2C59F565C183,0.1485381502232102
CC_2C7F54E56925,0.18661431879577794
CC_2C8CFCC646BE,0.03941143459074994
CC_2C91AB1DB754,0.05539077326926313
CC_2C93356976AE,0.43230394917720694
CC_2C9DADC294C8,0.06890364168697043
CC_2CA94231028A,0.24149268799803697
CC_2CC8CB17283A,0.20485427030007775
CC_2CCD42AA2376,0.13071767855468008
CC_2CCFE560A79E,0.07399929912914588
CC_2CED227E5216,0.11065265536240888
CC_2CF326E90715,0.05785895643741374
CC_2CFEA03CC6A0,0.6756824819939888
CC_2D1D032137DA,0.12713390932513718
CC_2D258781011B,0.18144482948442964
CC_2D30260A1CEC,0.20367235230013817
CC_2D35C002A9F1,0.14042084391036028
CC_2D45DEA4EB25,0.1520322041857172
CC_2D5494C13FFA,0.08901001853965723
CC_2D5EA2953E81,0.21003466757417982
CC_2D6E7894EA16,0.6416678232270396
CC_2D7DA36360AD,0.2043884222619482
CC_2D7DFEACA38C,0.28123174633785014
CC_2D836654A121,0.1513482795809025
CC_2D9CDFC6C57E,0.6873208929334405
CC_2DAC67585B03,0.17638285153298489
CC_2DAE338809DE,0.2558295054999008
CC_2DB062A18C75,0.6091410642134907
CC_2DB2C55CF89E,0.7907152031368768
CC_2DBCBF870292,0.03794738249107083
CC_2DCBC03B4FA3,0.6824364302285899
CC_2DD78131B5A1,0.12276255683543964
CC_2DD7BCA75AB9,0.1241348493029528
CC_2DEB49017220,0.10873981127897231
CC_2DF6C71ED372,0.18424765330930704
CC_2DFBFA1A4FE8,0.1506519067513647
CC_2E12A41F7733,0.08701128934017194
CC_2E1A348EB1E6,0.09986474444700388
CC_2E23CB0F6F7B,0.348721758566219
CC_2E3634587158,0.05558367004939708
CC_2E3F4B14D8DF,0.3210819514356456
CC_2E3FDDBF4F48,0.16850715582502496
CC_2E61C46BC16A,0.1900913358780931
CC_2E62AEB14351,0.24591612682760267
CC_2E6F1C0ADEB8,0.18230936612094276
CC_2E7415FAB62E,0.07945137694660986
CC_2E77F7444FDF,0.04664108486559556
CC_2E78431BE3DB,0.07286439217927378
CC_2E7D44FB8075,0.1752832361220835
CC_2E7D8539BDA6,0.3333371182391979
CC_2E7F248874AA,0.7440591181042967
CC_2E85BB8F3BB5,0.10096448180180269
CC_2E8897E4D9BB,0.2870102695604504
CC_2E8CCDE89E2D,0.2235684517935925
CC_2E927D910813,0.11526823761809996
CC_2E9891F5A2D5,0.128951980691706
CC_2EA56A7EAC04,0.2689451285513221
CC_2EB45D13B248,0.12711794695495543
CC_2EC924B0EAAE,0.1024937079686192
CC_2ECC248C96B7,0.054688159446936856
CC_2ECF0C98B06D,0.35837777540022503
CC_2ED3F6481454,0.1383857403672496
CC_2EDDF0B40ED8,0.1507267417817298
CC_2EE2A139642B,0.12512652091142082
CC_2EEE072DA301,0.21606215962120823
CC_2EFEBB85DAEB,0.12966178542814788
CC_2F133BEFAA69,0.1041770021359321
CC_2F1AAE3B81F2,0.0805678655993635
CC_2F1BC47CC90E,0.03961706286487425
CC_2F2128FBBDDC,0.16823315782342133
CC_2F3D3342834E,0.06072043048613164
CC_2F42D39F710B,0.6156331876267582
CC_2F4AFE398419,0.7341870152063718
CC_2F4C24B38EE6,0.08132523819118537
CC_2F508C0838A6,0.11040450793264464
CC_2F50EC193942,0.24427973630589
CC_2F5BD03D4900,0.07365875747129924
CC_2F73AF6728BC,0.05089214092316294
CC_2F7EBEAB9CF2,0.18643734665190845
CC_2F9AD2BC25F5,0.06962257602915078
CC_2FA3172ED3FE,0.7088427746980013
CC_2FBEF8808F48,0.15685833697360546
CC_2FC014F0EA3C,0.06276314474944612
CC_2FC3AD2EC986,0.23189912181053865
CC_2FCC82AC097C,0.2578604479106201
CC_2FE2ED7D464E,0.26135904883881983
CC_2FFCC9802D2A,0.1806962088327229
CC_2FFE32627DF8,0.20363536921846898
CC_300BEA90EF3F,0.14457999006770975
CC_3017B64D0364,0.22885412274913997
CC_3017E5E87C94,0.14951466265300006
CC_3028375CC87E,0.7583990870063418
CC_302A48CFCEDA,0.10045486984242713
CC_3031F96196BD,0.4385859452456271
CC_30328ADA0AE8,0.0962810594304965
CC_30451015D913,0.033858788626102324
CC_305D33AC15A9,0.7437366648341841
CC_306015CFB66A,0.17982087821367598
CC_306413849CEA,0.3859409423128366
CC_306EF0BC7CB3,0.03592530604401433
CC_3075C5B861A8,0.12426825788244276
CC_3083D9B76858,0.06539333454266105
CC_3096994A495B,0.23131691528686923
CC_30B106BC1657,0.17182985283401667
CC_30B967417C42,0.18329775148069338
CC_30CABAFF5453,0.11605190612252188
CC_30D68208FB23,0.33799623140850815
CC_30E2A90BACAD,0.17247204310527403
CC_30FFD856443D,0.5746357648044925
CC_311EF26786A8,0.07868441719182027
CC_3129843EADE6,0.6855234391833174
CC_312C34EF683B,0.05108350536233295
CC_31302B64C078,0.12374453459391024
CC_31344A25B569,0.03496882753927391
CC_31397A399AD5,0.08842546898362408
CC_3145B5EAD7AE,0.24965104113524797
CC_3146EE0BF81A,0.13127217495680243
CC_314D02632843,0.26986460378096977
CC_315133406E42,0.2815242384433921
CC_3180D1C6FB7E,0.22110561994178277
CC_31827EE8A968,0.292972616109593
CC_319BE06CC27F,0.04024094534344897
CC_31A0A97AFFCC,0.3598990855805414
CC_31B22116E36C,0.16387189537430036
CC_31C78D9B6494,0.37332461305556364
CC_31D3FA367B41,0.11833562832312247
CC_31DAAB3E6DA7,0.1810686585926118
CC_31E36F666FB7,0.057550427472663514
CC_31E72EA14FE4,0.12287188707006647
CC_31FC6DC9482C,0.24824324983219376
CC_32076DA6AE23,0.16266675003823972
CC_3209FA12D938,0.3046178367139005
CC_320E17F947CD,0.4386548377935475
CC_3223C706DD92,0.20412394093069805
CC_322EFB2E377D,0.08924147488851872
CC_3248EB928073,0.10209627188225404
CC_325D5DC52B1F,0.11538148372339883
CC_32662A6DB78D,0.14602983093631094
CC_328DD3BA068A,0.23945582444779343
CC_328DF7798F91,0.17725018218507738
CC_3295CFEB188B,0.0821848216964792
CC_329DC79286ED,0.6508844253599773
CC_32CB77D55C73,0.13017032276090595
CC_32D129B9E651,0.12104072255410811
CC_32DB12551D37,0.6297152852869997
CC_32F00D77D5CD,0.12444036603639336
CC_32FF5F6892D9,0.1663439629123157
CC_3301EF60877F,0.1312963951448445
CC_330F334BD816,0.1029789400651771
CC_331285B3494C,0.2005895402644563
CC_331364283D5C,0.12756813536923647
CC_331718E0F54F,0.1357675864119115
CC_33194D48FF66,0.09498364506889528
CC_331E8B8BCAB8,0.07961022158357524
CC_33254134ABA9,0.7691230556773399
CC_332E42439579,0.09167176544232467
CC_333102AB964C,0.12738546717305635
CC_3338AC0E8112,0.33594767644338414
CC_33656EEDE6F2,0.4889360291378761
CC_336777D934E0,0.47724214011979516
CC_336DBFE464D1,0.5075393765406225
CC_3382BB2F3152,0.13355152738114406
CC_3387207793E4,0.04057157462295986
CC_33992C973839,0.1599323716473539
CC_339C36703675,0.07653621098830399
CC_339CA5814519,0.11602503438307965
CC_33B157F2A921,0.07313655867260589
CC_33BBD10F239D,0.06484811291583797
CC_33D3B12EE56E,0.08821953875289792
CC_33DB68EA27CB,0.11316316256900688
CC_33F0B95E70CE,0.2313603276200043
CC_33F40275D630,0.05275168323460761
CC_33FD5DE22692,0.08317765114095033
CC_340961106343,0.12826483280251416
CC_340BB1F4CEF0,0.15454951268647496
CC_3410B11F1FA3,0.17621278921548028
CC_3424972707B6,0.6112096321592
CC_34452758A645,0.03593181080939177
CC_344D239879D6,0.12368937779701349
CC_34503B6891CE,0.23869454003637927
CC_3451722A3813,0.10003302918503565
CC_34517B513D8E,0.600909181859593
CC_346ECB4CF2F8,0.12651914851817164
CC_3478E8B6B56A,0.07876968523693371
CC_347AFDE16722,0.08585580197469034
CC_347B1A01467F,0.04757265028062303
CC_348AA62FF484,0.2890279317474476
CC_348D3F098A4D,0.0851179821274334
CC_349290E4D0C9,0.16105957364563664
CC_349347D553D1,0.29845857181432334
CC_3495CE27BB05,0.21844107638311744
CC_34B10A654721,0.1351402984522689
CC_34BD2C5130C8,0.1466286405412972
CC_34C433439160,0.05749307096983157
CC_34CA271F73E3,0.31608793895499454
CC_34CEBEA3B15A,0.07594366460583571
CC_34E58CF793A0,0.13923356673509593
CC_34E6909B6027,0.5696992169820996
CC_34F4292A8B5C,0.2119135368188665
CC_34F6DD223594,0.05066126828390315
CC_3508A7A5E9EB,0.13528273649511371
CC_35094977DD75,0.13209801609159444
CC_350DE157CE6D,0.19908238690913327
CC_351BD5C2EE8B,0.031984259609712754
CC_35486249EDEF,0.18669875499648808
CC_354C9ABE6DDE,0.07510876703657374
CC_35578162927A,0.12678123644105627
CC_357C3E7518D3,0.7684915978126534
CC_3584C15BF11F,0.0557872971415589
CC_3588C5166872,0.08328284370546724
CC_35A68306B19E,0.19974600457329883
CC_35BFB3093D02,0.05150777761225721
CC_35C085ED37BD,0.5087972766513441
CC_35C695C13279,0.08215758712179934
CC_35D1668A4C13,0.21650374581253898
CC_35D27495E0CB,0.7927165248755161
CC_35D562E1DBE1,0.6656626566847592
CC_35DCDC74A757,0.4977218347089508
CC_35EC2AB1D1EE,0.12065357689314536
CC_35EEB90317B9,0.5578123961102903
CC_361A9EAF7706,0.2730602959066091
CC_361B968FEB98,0.283122096734296
CC_361C9FA031A7,0.8031440353298263
CC_3620C5D1B3E2,0.06238843799253214
CC_3622D7221940,0.038266031030102524
CC_363175E92F74,0.3274288435184576
CC_3638C9146BFC,0.12631205897539224
CC_3643A4C7EC5C,0.04869180254084522
CC_36690A9AE112,0.6634632552448994
CC_36719170F638,0.09443950056501799
CC_3673466BA7A7,0.07753735685194302
CC_36847054DF52,0.3660415803082024
CC_3691CE792752,0.7270612308132401
CC_36A27FE53743,0.5739579786161367
CC_36A3FB06D1D8,0.796312948130034
CC_36B0F2AD5413,0.07023522606071896
CC_36B1B7BF5F75,0.15306825399407148
CC_36B68E66951E,0.37754253214944267
CC_36D3F09AD810,0.4958574115906619
CC_36DBD8424220,0.5342313446074419
CC_36E5645D8018,0.06349632478521075
CC_36E6592E4E23,0.13466459108740356
CC_36F143AEC864,0.0944251678456706
CC_36F2A735DF73,0.17076083656416222
CC_36F81C003E8F,0.040420331770721095
CC_36FCD55EE425,0.5084736711471494
CC_3701D5DB7FA1,0.09861527377213866
CC_3706E1EB2587,0.5660619169436651
CC_370E0F8EF86F,0.5487727066788334
CC_371D47444D5B,0.6959582252574728
CC_372CFE308EA4,0.6384557677623179
CC_3731D90357A6,0.2861900145618716
CC_37322F66C543,0.036275013518397924
CC_373539DE38C5,0.11150823376838812
CC_375225700242,0.29402033108092784
CC_3762D0B6F3C2,0.11950257339821463
CC_377A277E831A,0.14478311452296658
CC_377B6066B91B,0.18710618931111683
CC_378D71726B5E,0.06867981556493374
CC_37A46BD0DCBF,0.05517881884772774
CC_37B447368F02,0.7458626613562989
CC_37BFDFE369A3,0.22193198278708548
CC_37D09FE492BD,0.0816462215121509
CC_37D3F4C07235,0.2588577809760764
CC_37DDACE48E3C,0.13271827408659534
CC_37DEF85C0A37,0.3432097329506455
CC_38020CED9EEF,0.0744815857141401
CC_382207621EC5,0.8023141956888088
CC_38374AB27F95,0.07644477945086631
CC_383A5544DD5C,0.137968456359285
CC_383C129A5B96,0.2471607335268889
CC_3847AAA649C7,0.10209104800727047
CC_3849D992C1E3,0.09477155375679902
CC_384BB17F0F0B,0.5147440922219677
CC_3851177E5E76,0.08760095849550718
CC_3862F88850B8,0.23947111924722075
CC_3867CFCFCC94,0.24185774157517315
CC_3872ED018F85,0.22153272717082806
CC_3881A587C072,0.13068961150263791
CC_3882F8EB5EEB,0.6413535132451886
CC_38911341EA6C,0.09522046367829586
CC_389E5B71E254,0.5233356817557829
CC_38A0DBCD3728,0.07897450946384552
CC_38B3E9142747,0.07908255798808225
CC_38C1B8860300,0.06368618268233527
CC_38C8CF250B60,0.032145963033947095
CC_38D32B790B4A,0.1386886751449034
CC_38EB304A9915,0.17840055229450588
CC_38F26461C872,0.7204336623092156
CC_38F942257E28,0.5456382562216133
CC_38FA5D78A8A7,0.04649248269270694
CC_3903D7BCCA95,0.0921632452944812
CC_39043D7ED04D,0.17450385659385767
CC_39098B256732,0.06826723968085656
CC_3909A2E4C679,0.10918813849177406
CC_392344DF8D55,0.293174987457549
CC_392628C8AD47,0.09106044542592068
CC_39285F4C42BF,0.367453062938641
CC_392A376EA1A2,0.08327693010489665
CC_3932E086F150,0.17539297987462682
CC_393D1D3640D0,0.07155210712013821
CC_3943B3490B49,0.721552217752478
CC_394DE164DBCD,0.14323371465036303
CC_395600E84A54,0.13347994625718226
CC_395D181A7E1F,0.10460730984740516
CC_395E8CACC437,0.11141170893990762
CC_39635AC6A70E,0.051923451546590275
CC_3969352E3ABC,0.10235621705306114
CC_3985C0DF9CB5,0.49115966195942734
CC_3989F2C6A9F8,0.18907320421199436
CC_39A82672A1B2,0.07491154673097741
CC_39AA15DAE17D,0.6376925290274419
CC_39AA2A3D98CC,0.04404926580624369
CC_39AC257B00C5,0.08455572277957252
CC_39ACC63CDAEE,0.11627871340421975
CC_39CE40784C2C,0.21252438486068753
CC_39E1A306D418,0.13081897746510315
CC_39F2B11C46D7,0.08467188147877952
CC_3A10F5F50A27,0.04335109547871004
CC_3A27CF9D162A,0.563411050069881
CC_3A297424A7F7,0.10824551748576336
CC_3A39F7930BF3,0.0925319157191534
CC_3A57566F9977,0.5599763595743055
CC_3A61121254E6,0.06053633216756304
CC_3A81C568A7F8,0.173355386444001
CC_3A82E7050A4D,0.04611564147752618
CC_3A860AADE6CE,0.14227383280035275
CC_3A8B3FC29C9E,0.1189933072180696
CC_3A8E9056A5A2,0.09453743098097193
CC_3A9617A5777D,0.39368793462826135
CC_3A99D25777CD,0.13387800569860323
CC_3AA9E8D01340,0.5751624300821014
CC_3AAEFC09C290,0.7524980287446248
CC_3AB5E579843E,0.2362512052181169
CC_3AB77A30AD40,0.14811387706831391
CC_3AB7BA36A414,0.27161800595567415
CC_3ABA830A5BB2,0.138619466553623
CC_3ADDDA550A57,0.13185232476561687
CC_3AE7B1151DC9,0.14211587667044068
CC_3AE9A209EE00,0.05542864041090033
CC_3B06FCD75C98,0.06194551589568143
CC_3B0722FB5E8E,0.2902623484828309
CC_3B1C51DD7429,0.1835378043862201
CC_3B1F4696D710,0.6030500172258115
CC_3B224413A072,0.21486566638366128
CC_3B35C3783CCD,0.2267551070803015
CC_3B3626F3DF9F,0.24382067328469043
CC_3B4405C7E486,0.575850475171009
CC_3B4C4A9C9D99,0.3262077904217485
CC_3B72F0E9E3F8,0.19711083932626952
CC_3BB02A95C6C1,0.7303577567736464
CC_3BB8B675C2BC,0.42837387858466813
CC_3BC51B069218,0.13386953768702725
CC_3BCA5BD201AC,0.1674764213847149
CC_3BCAC9793441,0.28410571271551205
CC_3BCBC867AC4A,0.04494241146916579
CC_3BE51412ABE7,0.40089801543534265
CC_3BEA98B401CD,0.6677586242173301
CC_3BED6DF1ABF1,0.14137576350871128
CC_3BF0BF7CF827,0.8302023740558411
CC_3BF110035599,0.5827920761400993
CC_3BF213810DEE,0.6823910947271343
CC_3BF21CA88D3C,0.43508119217606867
CC_3C0E29764C71,0.06229453013610816
CC_3C19509D4636,0.14356865483698703
CC_3C1B038BB068,0.14587255203327132
CC_3C594CADCA2E,0.22809638863342274
CC_3C5D909498F7,0.6900870534308616
CC_3C68D5179A01,0.12789335689296133
CC_3C83955704BA,0.7770137052775369
CC_3C93218F41B2,0.32862404627155894
CC_3C9CFC8FB4D1,0.7375715012230624
CC_3CA266EB55BE,0.10729839927845888
CC_3CE49C937F7C,0.09441373064272478
CC_3CEEB9C04F0B,0.35374271597664764
CC_3CF504AD4DD9,0.06274967142953922
CC_3D1092DBC5C2,0.2010328161802265
CC_3D185833E7BB,0.03458434236549044
CC_3D2309981121,0.3330926463630452
CC_3D27A0086AA6,0.15228021732909686
CC_3D3BE7D0F4D8,0.11254933617335028
CC_3D412B5EA919,0.10329856390038292
CC_3D47650C6F30,0.09039341721631985
CC_3D55D1FD8457,0.04963255072153148
CC_3D599501BA76,0.08006526764534568
CC_3D6181EE3C87,0.6179185888114191
CC_3D65CC165F44,0.1280350123006751
CC_3D6CF6DB8014,0.42582993121464874
CC_3D7C14801D40,0.20146984325093556
CC_3D836BDBF866,0.5809479949611521
CC_3D8DF3A3DB71,0.7772289147486177
CC_3D9309851089,0.19225506268776166
CC_3D9ECB4274C3,0.13534764281385578
CC_3DC8A9A92802,0.30783236759686494
CC_3DDD3813D1D4,0.10215803311358178
CC_3DF3FFB3CFC7,0.12978229551019654
CC_3DF88701601B,0.14654441959034878
CC_3DF91A482CFD,0.32404670327864915
CC_3DFD6349D046,0.6271606886593701
CC_3E0D54125AE0,0.17881851159543502
CC_3E10CFE1DD57,0.05584033740945964
CC_3E13CB98572B,0.1523463864299901
CC_3E142C8ACA6F,0.09706563433339117
CC_3E1BAC4E5B90,0.05660323568928079
CC_3E2DD0D1E2D8,0.13145756461179944
CC_3E403BF08A45,0.078094044994178
CC_3E46368104AE,0.09194754968868284
CC_3E48A086B5C7,0.2669941149404692
CC_3E54451B0F6D,0.09036072115064454
CC_3E6335ED3F4F,0.10602798515031059
CC_3E87A65C50A5,0.17516235189484952
CC_3E91109E2090,0.0632788919798454
CC_3E92A1EDA618,0.19224998584305847
CC_3E94684FE270,0.4466933488622614
CC_3E9DB402F352,0.1549116316777053
CC_3EB5A15A6C04,0.7767166156142239
CC_3EB8A9A6C49D,0.10532531977280785
CC_3EC96BC884F2,0.12366724989138073
CC_3ECA9E44B90F,0.23794572612333248
CC_3ECE4EF16A44,0.15709891637009896
CC_3EDDB8E70F57,0.23206128641954127
CC_3EDF137D0E1C,0.1275547180451532
CC_3EEEE844410D,0.4009048058951704
CC_3EF4F348C967,0.12814550368646507
CC_3EF91DD11A81,0.14737668447650343
CC_3F08C55E7A40,0.19467781826354474
CC_3F171CED0CFA,0.033154319481639265
CC_3F2544EFA753,0.1339324493215277
CC_3F28F3286CCA,0.08427977879108349
CC_3F379CB37B0D,0.15792100103914522
CC_3F42D798AB1D,0.6622449788868502
CC_3F48724540D5,0.1646812998250392
CC_3F68068E2D5E,0.10780822774204682
CC_3F7FBE71B77F,0.06783496384064004
CC_3F80017B8599,0.0688407088381901
CC_3F8B17953200,0.06964341624685215
CC_3F964BADC4BC,0.7338502085025977
CC_3F9767602FCB,0.20862763469290369
CC_3FA84F0B23CE,0.06847493267743879
CC_3FB4B189143F,0.1690936874792885
CC_3FB7C976EB26,0.4939867086195594
CC_3FBCEB2F36D5,0.10568573992874253
CC_3FC4FE843245,0.12287839399656604
CC_3FD52E32FE8B,0.6224298056041973
CC_3FDB44EC6254,0.04419469891295817
CC_3FEFBD6DC62F,0.23028461062508299
CC_4005466D00ED,0.33591989466102956
CC_40095FFBC1A2,0.06298643101436281
CC_400F1887A662,0.14257397570639094
CC_40133FF3069C,0.06290304864939032
CC_401C6F0EED5A,0.10739252604814714
CC_4021AD03FA01,0.13441955318306978
CC_402E91F3A56C,0.13624060770703778
CC_403754B6988D,0.10245733364663248
CC_4052DFCB1656,0.21553113824105496
CC_40579C5C13D5,0.8046792071087565
CC_406937FF97E7,0.08126296918646414
CC_406C4233347A,0.17271554123357305
CC_4073E42E11E4,0.20818265392330584
CC_4077BB12A5F4,0.1250722588299757
CC_4077DD5B5C4F,0.14812271664539783
CC_40824D899215,0.09079749575418833
CC_408D79189FBF,0.3053867597779808
CC_40A3F1D5EA0F,0.384044204561249
CC_40A852A592FB,0.1500938085533254
CC_40AADA91D560,0.2891357805120084
CC_40B39CB2CC58,0.0484235992820722
CC_40CE2030F058,0.06652141751693957
CC_40EA2F8481E8,0.1557506625311469
CC_40EFD7778F98,0.15199517609577573
CC_40F278D49681,0.36403819266522286
CC_40FFCF631F19,0.4294073705789918
CC_4101D1B82788,0.14990965639069836
CC_4109B79A4B06,0.037150043186329404
CC_4119348F051A,0.1441854884354984
CC_41206EE45803,0.08895207335469932
CC_412DF740DA62,0.14520668153742253
CC_413AB4CA7451,0.10549356145892139
CC_414C06C60FF7,0.6552436005015312
CC_414F50748A51,0.06552475583732109
CC_415C65EA66AA,0.06862688754794434
CC_415CED95F7CA,0.13690443988312181
CC_416584250060,0.08365585672484364
CC_416B3A1F0F0B,0.08083067171088201
CC_41735021FC7A,0.1763436036340087
CC_417858CD20F4,0.11306124558205366
CC_41902EFB3974,0.05417750314872516
CC_41A27790EFBF,0.1259937997806884
CC_41A4A223F39D,0.08476051670537833
CC_41B464757ED6,0.10573149523006378
CC_41D1A87E1136,0.42729291209346987
CC_420FE297808E,0.043290932671993354
CC_4211096D5588,0.18186887785138656
CC_421F4D78128B,0.46803563873452614
CC_422F2780C85A,0.31008382464990997
CC_423B0296BE24,0.0730801866067139
CC_423E78000AA5,0.1134638073048524
CC_4246081DD359,0.10321558348298097
CC_4249EDF2FDCC,0.8085038216056415
CC_42568C67F412,0.372435703189934
CC_426A25EA9E21,0.7143412474711668
CC_427ECDDEECE6,0.305219168420086
CC_4289EEC8F0A2,0.12881527111017985
CC_429A7158AD07,0.09416244586474162
CC_429C51AE729D,0.03816229153366596
CC_42A0DE1E5E80,0.09031421450912946
CC_42A7D0F5388F,0.08249007418977569
CC_42B23C8C9F66,0.16352119105461874
CC_42BD3999AC3E,0.2856946768691321
CC_42C95B199130,0.4171126096625487
CC_42CD6CE97523,0.4512054221386864
CC_42DA114F12A2,0.33298626224459976
CC_42E2736AA331,0.19864849444313298
CC_42EA825C351B,0.45473224401111256
CC_42F1B2B4D258,0.5574162146862658
CC_42F4588EB38D,0.31598027298838205
CC_431F29A12E99,0.18615335183504658
CC_432EB78A198D,0.2222048887199397
CC_43383344BC72,0.17045336725445093
CC_4339187DD10A,0.06632887058498119
CC_4344A2E7EA1F,0.5096020886190666
CC_4347468ABE51,0.5352086087828273
CC_434894BC2577,0.05466178119036036
CC_4362DB93FC92,0.08610331739577862
CC_436850DDC704,0.1460930277043272
CC_43698E2EEA0A,0.0908636310304372
CC_4387F73F131E,0.14737671788303128
CC_43A33C994C70,0.39289071928158625
CC_43ACD82B5514,0.28586646208893446
CC_43B37131B8FA,0.1995231933132734
CC_43BFCAF8BD20,0.1761162235912195
CC_43C060E01266,0.20851741231799545
CC_43C41AF27375,0.06610165471372693
CC_43C5AFA48B93,0.07078452084071034
CC_43C767A44C55,0.16715016709536196
CC_43DECAB53552,0.046114981738724456
CC_43E6D931158D,0.35102128077426026
CC_43E9F88019F8,0.06542129037975118
CC_43EBD6EBD675,0.07484993657375132
CC_43F81C577002,0.3225402239085083
CC_443C4E041687,0.1020195656995905
CC_443F63BF238A,0.10249587958641337
CC_4463776F9AA1,0.10823084431506586
CC_446F1EDF03C8,0.0686443106271665
CC_447BAD4F7820,0.8998830627852112
CC_447D02F917B5,0.06509914479400922
CC_447E705746E2,0.14557236187624553
CC_44A017104F93,0.6385553663094115
CC_44A1E58CDBC0,0.0585299799480453
CC_44ABCC04C418,0.09661393048609819
CC_44BF6BCCFC2E,0.04990299345262991
CC_44D0671A3B87,0.12432991986690846
CC_44DBEE3A7D81,0.14913156683521922
CC_44F7DD6A88A1,0.21481246389428854
CC_45080C42280D,0.23013169993105526
CC_4524AD74135F,0.4755545313538495
CC_45262103231F,0.2217151512270511
CC_452D8C5D039C,0.8074370822127307
CC_452DECDBC90F,0.07169512574971443
CC_453C9B3A5992,0.5140371761449967
CC_4542AACA1FE4,0.08633923977525688
CC_455209549D3B,0.7920939578810426
CC_4555C804C4D0,0.06703844636990551
CC_4581E4190B2E,0.0898208758273643
CC_458912F91D6F,0.4300290198546883
CC_45913E1BE65C,0.30748753508401855
CC_4594791FB40D,0.12040445240399295
CC_459B49073E2C,0.3420925125923472
CC_459EA8E0E2EF,0.12038612051065825
CC_45A4A38557E9,0.14703395154559684
CC_45ACE2B1DB6F,0.07351821219997307
CC_45C1A92F0E8D,0.10448749749119403
CC_45D0673EDD20,0.1451707778449405
CC_45D70DC84DA0,0.10148102560032185
CC_45D96479EC1E,0.05399836108859513
CC_45E8597BF74E,0.07016479626014
CC_45E97246F83A,0.31086585410754436
CC_45EC44761309,0.12983540011355213
CC_4603A6F83E2A,0.05338151036852094
CC_46045CEE8330,0.08361381009707157
CC_464E17187A4E,0.3854589239620573
CC_4659FB4B8536,0.13014144176619089
CC_465EF4F9B68F,0.1773739151850716
CC_4663FDE62E3A,0.27510467540885497
CC_466D54BE0809,0.08611848984250481
CC_466ED9BD34B5,0.07933481088763471
CC_466F7908E13D,0.1605881452347332
CC_4695A5525A11,0.15055684967120903
CC_46BBB8A4854A,0.05884719244037148
CC_46BC61EC8F2E,0.16684092759164115
CC_46C0DFA660B0,0.12270705107452749
CC_46C2DCF84CA0,0.09950971271027821
CC_46C38B9F0D8E,0.0911510177918151
CC_46CAB9AE7C87,0.5218642683741472
CC_46D0D1ADEA59,0.15034934665663752
CC_46DFC1AA0821,0.7942133146874972
CC_46ECA5976180,0.14847530734134834
CC_46F5F6D27991,0.07288426720770984
CC_46FE9F226120,0.22123845060751013
CC_47130CC63FC5,0.14899592104897663
CC_472330768F5F,0.08772236233300706
CC_47292EBB8BD1,0.15355614784110785
CC_4734AB1281DA,0.055277395569897116
CC_473989E6BA47,0.2689959393771359
CC_473AE07014DC,0.1667237721471077
CC_4741EF45C3DB,0.3043906907455821
CC_474586BE49EB,0.1360868259144214
CC_47490BF44944,0.27187465851779896
CC_477213DAED38,0.09253743663037686
CC_4778086276B7,0.11679693393541526
CC_47910B073CF3,0.13375738055190764
CC_47939776FDF6,0.7086581140617199
CC_4796F6A64420,0.06242186879606683
CC_4798549B52ED,0.2855964544752932
CC_47A3714E7D2E,0.31995401403665985
CC_47CE219EBAAD,0.17729076856051051
CC_47CF9074E03E,0.1661607642359203
CC_47E4537A53FD,0.15058919124833414
CC_47E8BC938FA1,0.1453973305248929
CC_47F134D17818,0.10225804635520351
CC_4812FBE05C7C,0.34740130831275423
CC_48152725FAB1,0.5615531114378431
CC_482256495FAD,0.6952179938366165
CC_4829FF15D21E,0.14606195194513977
CC_482D26D81935,0.6383875321163844
CC_4838990A8D02,0.08754722405806263
CC_4862EA9CD1DD,0.060241074232951
CC_4862F8C1B0AC,0.07777670987620997
CC_486CD67D26CF,0.15613700583425627
CC_486D8F9AE549,0.31926530182263235
CC_4877D1BDB737,0.11089537295840579
CC_4885E34F0B26,0.1333570008980744
CC_48928CA8082E,0.15361444382023665
CC_48A74FF0E6C5,0.0918313072461036
CC_48E0791DDD62,0.07810057006768525
CC_48F620B6A472,0.09385397192750182
CC_48FDBB1D7493,0.0984555170867123
CC_4910EC928152,0.11603363771354633
CC_491C18C17767,0.05830456053110847
CC_492F65EF8D9D,0.813735243673473
CC_493DDD53B97E,0.060796973710231114
CC_495F82AA5B9B,0.1603148220087019
CC_49618412FF86,0.09073890836005422
CC_496A7CFA344D,0.7386522536511027
CC_4983EBABAE3F,0.08356336436113214
CC_4992C1915957,0.5843960156146865
CC_4993B31028A7,0.0791220586834224
CC_49945441A644,0.1759340286832501
CC_49A80692BC68,0.13515402044946365
CC_49AB67613A58,0.15367456043183783
CC_49B05CADDD95,0.5687082646236308
CC_49C6F9AD111E,0.1234484865287865
CC_49CEB94F0B3B,0.0443371410941502
CC_49D3A79B55CD,0.08969434761028355
CC_49D6671DAE8E,0.11567061660365735
CC_49E6C539B1CF,0.06058698584246072
CC_49EEDF0DA684,0.03419055354453226
CC_49FC290E33A7,0.15692504839603594
CC_4A01CF2F67D2,0.7718530130914869
CC_4A16DC668832,0.4770619696379496
CC_4A212461781C,0.09036738984802456
CC_4A237A8E6706,0.1490945485895904
CC_4A3DFA0E27A4,0.13669897868601014
CC_4A513D39DCE3,0.06769115742508426
CC_4A532B0E6165,0.14433186379926238
CC_4A5FA9F1C804,0.10060426628137442
CC_4A7BDEC665FF,0.06436515220664431
CC_4A7FC9B23222,0.2914093062617204
CC_4A8A7080FA25,0.26030391332032504
CC_4A8EFD589879,0.06641392119403251
CC_4A8F7D2B857C,0.17976696120350236
CC_4A91E8D4289D,0.3751475102751488
CC_4A93163A12F4,0.3167746525882543
CC_4A9FEF48EA65,0.14329397338008396
CC_4AA73D751AA5,0.3322550799057402
CC_4AAED0C85F70,0.14000838001652485
CC_4AB1DEF044AA,0.049865956722979846
CC_4AB5AE299217,0.1795101866914307
CC_4ABA0CDC2270,0.1887833588571104
CC_4ACFFC2F295F,0.6494711587135482
CC_4B0490BAB1B9,0.06444543557399818
CC_4B28B03CEFEA,0.09033518887586545
CC_4B420765EB9A,0.11870025998996622
CC_4B47C16D9867,0.12911566542604674
CC_4B494C4D7D03,0.4241663577938889
CC_4B4C84B015C2,0.05568964289074624
CC_4B607295E983,0.04926738675726993
CC_4B6D24E81483,0.08001355516834902
CC_4B77AF6FAF2B,0.6685622001467986
CC_4B7EC3F2FFBA,0.048217194723942314
CC_4B85318DFA50,0.12791076743827387
CC_4B9B36B36DA5,0.7477191581901551
CC_4B9E0AD5D692,0.531475486104097
CC_4BA041C9678C,0.11163852059584795
CC_4BB40F2129A6,0.0852952434541944
CC_4BB8FD274E2A,0.06111771280218617
CC_4BBB8118FBBB,0.1457165567785781
CC_4BC8CB91719F,0.12654410117016948
CC_4BE447D54BB8,0.1507351841142214
CC_4BE85B1BDB62,0.3657306350437272
CC_4BEF3C7F6395,0.24525604895361625
CC_4BF03FF61B97,0.4269139092157769
CC_4BF4C38EAE8D,0.23229941847463387
CC_4BF95B8140C8,0.09642829283091098
CC_4BFE0CB61B5A,0.4483642006634996
CC_4C2A3F254101,0.415432933079933
CC_4C351DEB6230,0.24416889239159867
CC_4C38031A2A9E,0.10945377016785035
CC_4C3E35875F03,0.0900622677054318
CC_4C4D79F933B2,0.13348135813122552
CC_4C56497F4AB0,0.721912645035568
CC_4C827B493CFD,0.1535557480473103
CC_4C849C6073AF,0.1060598776433894
CC_4C869E6F618A,0.17675215351916296
CC_4CA21C15763D,0.10001570003415758
CC_4CB2F1CAE684,0.09315374020565106
CC_4CC0265E0778,0.045227054792447714
CC_4CC5483903E9,0.5670322713504088
CC_4CD7C76FE235,0.42193915983998376
CC_4CE2BFED4F4C,0.0826205976375242
CC_4CE751CB58FA,0.40248909002666766
CC_4CF3E184C500,0.04243671766482032
CC_4CF668E60D64,0.29180394184076447
CC_4D1A1AF53E18,0.057112269245205544
CC_4D29155FCF33,0.1982764879158882
CC_4D2CC7618AC2,0.5077745210369675
CC_4D350FF7402B,0.30799578817376555
CC_4D38AE84E3CB,0.20204170893759787
CC_4D4140E1056D,0.08421081203324961
CC_4D5545FAB130,0.5371580166383068
CC_4D55E218946E,0.09946470623338757
CC_4D5E14BD6AFA,0.08982613821328056
CC_4D78935D66E9,0.06538164072796022
CC_4D883AAAC6C9,0.04535234050003501
CC_4D8D8108C51E,0.658953956261558
CC_4DB40331777A,0.7947695676314044
CC_4DBC8652D26F,0.08581944921811102
CC_4DC0E154EBB0,0.7334016670981969
CC_4DD5B8780C4C,0.0896980797381414
CC_4DE0070FF683,0.13397539561806734
CC_4DE688CDBC27,0.10871880065651494
CC_4DF37857FCEF,0.06567447935298214
CC_4E20F0249BC6,0.7583751071128303
CC_4E2F01B7B9EE,0.17516177529420335
CC_4E41C247B4E5,0.15759054172570508
CC_4E479F6989A1,0.06454261170428688
CC_4E48AF17BC29,0.08953543827189647
CC_4E6BE67E3C4F,0.040744375592214194
CC_4E70939C5933,0.47507974330332814
CC_4E70FB172717,0.16015279759970658
CC_4E726EE8C026,0.2298632607761818
CC_4E76F48DFDEF,0.09642119320476078
CC_4EA180B2B913,0.036862831437652684
CC_4EA67A160C3E,0.5771746734535886
CC_4EE41FC91AD2,0.15504979278775421
CC_4EFECC6C2E36,0.6232210700271203
CC_4F22CB97C34F,0.05023963176252272
CC_4F2444DC6C75,0.8011794386452568
CC_4F2B7F512DD5,0.06328749253667453
CC_4F504A9744FB,0.1152539764520677
CC_4F6FEE589187,0.14524648273932653
CC_4F71AAF96C32,0.08044683745145709
CC_4F76E57C55EF,0.33055760434687975
CC_4F88D3E5AA2E,0.04214907650313312
CC_4F8A4384F6DE,0.14229818420864235
CC_4F8D83DCCF25,0.23079678062781894
CC_4F956AA47816,0.6662968690288548
CC_4F99FCEA10E8,0.09409022656421148
CC_4F9F10A183F6,0.07590008983645546
CC_4FA766935F14,0.10661459584065251
CC_4FB0B9E398F2,0.288384982085456
CC_4FD0DF6CA3AA,0.05975752171248139
CC_4FD902F7ADEC,0.08871384066640647
CC_4FF1155E3A6B,0.3358273098155252
CC_50103368F241,0.11420843057476926
CC_5012B9991935,0.11695016593827999
CC_50172FF2C2C1,0.13186685006337767
CC_5017C9BA7773,0.0619515011190771
CC_502C3D0EC4CA,0.09528032581470618
CC_504157951119,0.056232594418915
CC_5042938B5A9A,0.4406154535319763
CC_504A57293FE4,0.8070426278369411
CC_505812CFE43B,0.35547141694652296
CC_505A6EB06E39,0.32849125921844613
CC_5064CCE0EF29,0.2244503497666419
CC_507BDF639FB5,0.17086648570952645
CC_507E53684AB6,0.14010191668268757
CC_5087A0D1765D,0.20430825687438103
CC_509229AEC221,0.18691202072291718
CC_5092D3A72B03,0.2027357352956648
CC_5092DF691F74,0.48840115037806686
CC_5094BB59416F,0.21772973228460854
CC_509926B384D8,0.7323117137729471
CC_50A6C96DA7D3,0.06366997482754087
CC_50AE75A10F3B,0.26486236039290284
CC_50D4BB93EB1A,0.06201670290980362
CC_50DF7B02E356,0.1815583962367831
CC_50EB53CFE7F8,0.056919137826110563
CC_50FC7D563CE4,0.13866924917225426
CC_5100E6EAA3FF,0.20266978209833147
CC_510F2944B2A0,0.14660565921229182
CC_5128881AAD54,0.10971682572355644
CC_5138941DB7A2,0.1527961390170888
CC_5139EF8BEAFB,0.18344002292078002
CC_513E5EEC6B04,0.10323962216576889
CC_51427EF15375,0.29427875400900516
CC_5147B281DA64,0.34820110459327536
CC_515D968ED36E,0.09796795359409195
CC_5176FF858154,0.1215560655579797
CC_517CB40FB016,0.09580177615012794
CC_51884D5F3E4D,0.10826909186163654
CC_51AE98263438,0.14895776130407917
CC_51C9CE782368,0.14647873892661964
CC_51CC80D1570F,0.05486592416380502
CC_51D2E3476902,0.07345135904369
CC_51E05E706D64,0.12329403870461782
CC_51E5A5E9801C,0.05973805503393055
CC_51F5DA44F9A0,0.47465275044308053
CC_51F6BDD355F4,0.05759776025459367
CC_51FE657FE212,0.10138782024895407
CC_520950C9BAA3,0.05826658606639909
CC_520B1D31AB99,0.12031294412601173
CC_522550E1761D,0.73784171209253
CC_524CD519E76B,0.10178815171132995
CC_524FE9E3DAD3,0.48046719280327
CC_52629A025048,0.12941593826021772
CC_526765FC100C,0.2630587113852693
CC_526E56249FFA,0.26172186764153893
CC_528B42A34966,0.23049866202570446
CC_5292B36E4882,0.18881932839887217
CC_529A2F110236,0.13465310852479173
CC_529BC4ADAD6A,0.22298034137738917
CC_52C1C5A6F887,0.0791712828958294
CC_52C3B674FDFD,0.22076787359095149
CC_52CCBB8F9964,0.08242155075234997
CC_52D21FFA24DE,0.7774122341638829
CC_52D32EDBAA78,0.18171711866483164
CC_52D7821A8363,0.13719788236285038
CC_52D9087EBCD6,0.7725853897040014
CC_52DD62E1AC2E,0.1603047384481718
CC_52E8B04F0FA0,0.1150663047047717
CC_52E965E9E2C3,0.12345244901352753
CC_530BA492842A,0.3103095989042581
CC_530F6E906D6B,0.04529371913173634
CC_531FCFBE3B13,0.1031367115358297
CC_5320DFEAD897,0.17997423131519763
CC_53319AE7B829,0.5999253533862235
CC_53481151859F,0.049939331573260165
CC_534D4FC05F82,0.2018868783242604
CC_53687DA8C9E5,0.311851257387173
CC_53795A7B7751,0.04965181606377861
CC_538328A6B3BA,0.4731843698415583
CC_5385266461B1,0.16422898905669403
CC_53891CB35BF8,0.16422064677080767
CC_53A6E1083B13,0.07719926404777953
CC_53A77DA726A4,0.07347286077453188
CC_53ADBC2F6E34,0.22370945168167744
CC_53B249809561,0.08663963104002323
CC_53B2DF5B019C,0.05577120277224456
CC_53C1F3E031A3,0.18114212065471716
CC_53CBF2E8AD05,0.49004735803938393
CC_53D04793ED9D,0.08294898928521603
CC_53E23A9B6F74,0.08334265198851767
CC_53EB59C99100,0.38658188524407655
CC_53EB9AC04311,0.10394747905879864
CC_53EC732C9B30,0.03354351603067767
CC_540122E71534,0.1352568895286238
CC_5405C89DF8BD,0.6986369770462911
CC_540D69F5BA23,0.14736401117939416
CC_5414446319CC,0.7366333093191749
CC_5418410F95A2,0.07677709366109552
CC_5431A01C30E4,0.08656334795545051
CC_5452437FC605,0.4497687994453775
CC_5452979BF98D,0.07776144717783662
CC_546EE83F84A4,0.4544238671000005
CC_5473268241FC,0.1483646590055147
CC_5474EE64D859,0.3815330446983723
CC_5476E2B2FCA0,0.11089468939770845
CC_54892024F98D,0.19406300691858108
CC_54B33C66DCF7,0.09269356509748058
CC_54CF66B660B4,0.4460099352995573
CC_54D3A35EC69F,0.06583933484011689
CC_54D6AE2665AA,0.12405960191691798
CC_54D93974E62F,0.2795853581649251
CC_54F5F552A0F2,0.13164090482313462
CC_54FC3B361BDA,0.07926223511943167
CC_550135E8FAC6,0.1253818447341547
CC_55020AD0D117,0.1306721438501899
CC_55094AF7EFEF,0.1170659624379426
CC_55126E23462E,0.05405014230415427
CC_554C21CCAF3E,0.0993327394138902
CC_554C912C7DBE,0.08590019920001202
CC_556B02A2B401,0.3780780825140575
CC_557A0B0CD0F4,0.16655193880574048
CC_559A14E729EB,0.30541117578587335
CC_559F0DD4E4A7,0.23255735016784707
CC_55A82B4E57F6,0.15019252007643918
CC_55A98ABE4C75,0.14337445623891476
CC_55A9D45EA466,0.048730983518978185
CC_55CB872FF50B,0.23710465606255118
CC_55D9E3D58435,0.17883104852952303
CC_55DFF3C3BB46,0.057490951967310897
CC_55EDC3996984,0.12230116019847206
CC_56013299D8C5,0.09084311885268401
CC_560B519C1F50,0.06947092568802866
CC_560CABF0F5D0,0.18929473055367138
CC_56178AD87948,0.2710716154143318
CC_5619A7BB54EA,0.09343401083878647
CC_5624319D7B28,0.09979072778955131
CC_5625119D6C37,0.1562518045606863
CC_562BE7245E1B,0.6850905852375364
CC_563684010DF5,0.6883680978668231
CC_563EA9A29338,0.10005395876925731
CC_564590AFB575,0.03638361613550437
CC_565E01191BF6,0.6140085117208348
CC_56612A039382,0.054393397355972255
CC_5665FB827721,0.5534721673332367
CC_566932C3CC97,0.10237156384354515
CC_5671D59B2A51,0.12008776157083499
CC_567E7DD24A97,0.089145050050292
CC_567F47F37683,0.040296654882969324
CC_56847A91065C,0.09584788209091868
CC_5698480F8634,0.06207294572469666
CC_5698B024CECC,0.5783486355913335
CC_569DC051A2EA,0.12333675597554136
CC_56A322152604,0.3870394926124985
CC_56BFD9A8335D,0.3443050076249738
CC_56C9379BADB6,0.04264571277146405
CC_56D410FD8F56,0.34495912769042264
CC_56D4549919EA,0.16715859093344465
CC_56D918CA6353,0.14173975886407375
CC_56DB30CE666D,0.1284225014410479
CC_56E760C3206D,0.24332591482579075
CC_56F73F905615,0.8036524401580895
CC_570683C088DB,0.11691758993830573
CC_571C6AFD00ED,0.3987169117217459
CC_5725663C3B89,0.09200854167014169
CC_57291D7667C8,0.17866375590232736
CC_57313F6E7927,0.16620608775359616
CC_5735F9B859AF,0.6546923316429664
CC_573B34826B2B,0.6902411698114135
CC_5744447CAF7A,0.06347641622713104
CC_574CC0FC7B05,0.11111683956769175
CC_5759E2982909,0.1078070207933827
CC_575CCCCDD7B6,0.6273127661753699
CC_57603A37D19F,0.04317106238814626
CC_57639D4995CF,0.25101164731359016
CC_576E6676FD55,0.05645763361897824
CC_5775C148E05C,0.11032255937512467
CC_5798E560E9F3,0.791678099819179
CC_57A486F61065,0.577125557037698
CC_57A726458B99,0.06295072735743293
CC_57B0D41BD7D3,0.35111738730918785
CC_57B501E60C35,0.0875909923389866
CC_57CA90509CB1,0.7640515953132855
CC_57CB7673547B,0.08559779643223073
CC_57DE479CB61A,0.7434658108886056
CC_57E7F1A6B895,0.05001859639614285
CC_57F13C4115FA,0.3921989440780046
CC_57F480CA9A42,0.0948245973509242
CC_57FDFC6DE726,0.2669427091068246
CC_5810468B76BE,0.13862964512021372
CC_5810F212B2EE,0.3473090625556377
CC_5817759E7007,0.13465448214089346
CC_5818B5089B3C,0.10052093598877707
CC_582C78363EB6,0.10123022424812508
CC_58391600720C,0.17117341323335528
CC_583D7B177F85,0.09060289600454892
CC_584C11014F63,0.11896723174113816
CC_584CDC12578D,0.04978948243928026
CC_5852F443C55D,0.09736141234870288
CC_58565AF0F70A,0.4761417728633945
CC_58568DF9AECF,0.18377382994225616
CC_5859EE6309D5,0.4439920387508086
CC_5872B45E1C19,0.7152224619913747
CC_58797A417EEA,0.19370123057870606
CC_587A4844B482,0.22208703091170012
CC_587C0CC3DD82,0.6545765454882319
CC_5881A04052CE,0.0943572647708779
CC_589A4E02EF81,0.14551924630360033
CC_58AB46E5655E,0.16214435234685795
CC_58B0CFC9F3D2,0.07004091531893601
CC_58BEFDA6B4C6,0.12114437592650236
CC_58D95C7247D5,0.060705175147252606
CC_58DBF3409D48,0.06985482549833394
CC_58E35A47B880,0.16303239358028307
CC_58E40EFF57CF,0.41164802623019375
CC_58F551219BD6,0.0634519245896432
CC_58FA76C6C45C,0.6208808748933692
CC_59018149723B,0.04732357689605782
CC_5904459ACECB,0.787119529820485
CC_59088B2886E8,0.03652440883225013
CC_590D2E0AD18E,0.5970987538454048
CC_59146CA05E8C,0.09610648062265653
CC_592592397DC2,0.47165428459787867
CC_5926F5B4E054,0.14590826285334804
CC_592A5A163624,0.29906635935917913
CC_5941C323917F,0.09769685037734896
CC_594E4E86A1C6,0.19667009499411864
CC_595ADAA76A32,0.07078054329281988
CC_596A20270C3D,0.17678684656751403
CC_5970E93E11DF,0.2762570838072486
CC_597AD111527C,0.10401584162519081
CC_597FDFFA265C,0.11609911228040834
CC_599C287D2BAA,0.3896494812888343
CC_599E345094D2,0.12080032842936182
CC_59A4741B5A92,0.16455449698798066
CC_59BB3A5BA2A3,0.5413691223484174
CC_59BFD1200F6B,0.16349220070339193
CC_59C07CCAF4E0,0.20236517537822504
CC_59C49474B501,0.13669756764404237
CC_59CFBC2CA471,0.6298340426882255
CC_59D62BE0C0C6,0.11122335760985366
CC_59D86F572716,0.11783644844855413
CC_59DF71FBA4B0,0.04961903912027201
CC_59ECB7465DCD,0.06236230752260176
CC_59ED43A803B3,0.03474310634532099
CC_59F5E81F4EA0,0.1348071978361666
CC_5A10371BE7B1,0.7909186401061745
CC_5A2F9A594A05,0.5538581113292068
CC_5A38E46246FC,0.5834780753929263
CC_5A3F52B0A07B,0.21585853339015648
CC_5A5507A49F6D,0.09429288822257074
CC_5A58A5E6DE82,0.09860354604758576
CC_5A5BB6DC1018,0.19080608135227115
CC_5A5C0DF50E01,0.10550975287492789
CC_5A633C535360,0.0856481137198899
CC_5A67E62D8D5E,0.6799434034929868
CC_5A6BA0007593,0.13440898487322375
CC_5A7513434C72,0.041280683604928106
CC_5A756D8AE60D,0.21252189083742015
CC_5A7C13841B7A,0.6706104715565977
CC_5A7CBB6E8716,0.20459488884014831
CC_5A83A1E25A2B,0.3338313115191689
CC_5A86EB53A14D,0.7173030266605521
CC_5A89E13CE597,0.2554944606668807
CC_5A9466D0CF9F,0.12325585353459358
CC_5A95331BD0C5,0.12866352211138027
CC_5A9F63C3E428,0.06732289155816047
CC_5ABC76FF707A,0.06281547204272228
CC_5AD0F1B43457,0.09508938802802142
CC_5AD82250C271,0.04317736344942915
CC_5ADD27165E38,0.6655360636768726
CC_5AF32E5C8018,0.04378691244679746
CC_5AF3690FA0B0,0.16489791326464812
CC_5AFDFAA63B45,0.14325701331717827
CC_5B025DA26FE6,0.05250481422180614
CC_5B07C7DE7E7E,0.2361166635281759
CC_5B08171A6880,0.23153553907647492
CC_5B09FB1A0BE2,0.0736185445874752
CC_5B0D6BA12702,0.5626910326748512
CC_5B0EF2D4C3CC,0.15718084941846852
CC_5B195D88C182,0.3372473965475868
CC_5B1F6FE71A38,0.07217710635457847
CC_5B247961602E,0.05842412370659184
CC_5B276421F4CD,0.06365974246335837
CC_5B289AFA1662,0.2703132529560053
CC_5B3A16421A31,0.0473053273283371
CC_5B3E78897EB7,0.06044319683245078
CC_5B480B44A9B1,0.16030139043984643
CC_5B546C3A21F8,0.16395638607848667
CC_5B5BC4023EE7,0.12791468289841632
CC_5B6D63DD34B7,0.0806910361067225
CC_5B6E868912E6,0.0893714683889077
CC_5B818D2581FB,0.12793118354487465
CC_5B82E8BB921F,0.2857137912409405
CC_5B8E8DA14EE6,0.16313658982418267
CC_5B900A135A69,0.07496126280800391
CC_5BB64BDF3C99,0.10792202977829865
CC_5BCB2C79D1CA,0.23420426082061546
CC_5C072DB8586F,0.05350733955292297
CC_5C0BEC2A0850,0.07868516531163584
CC_5C24010127D1,0.30493827568444326
CC_5C2DAF5E0EB7,0.43909051212823313
CC_5C3E8DB90978,0.15941299183021213
CC_5C4A7CE69975,0.29779142085154364
CC_5C5766F933B0,0.49178428655764045
CC_5C5808240054,0.09779483150942372
CC_5C5D6E15EA27,0.2031921825942699
CC_5C60C4545922,0.11134651480131962
CC_5C626D70F6D6,0.14551200264907735
CC_5C670F0622BF,0.08514052862485569
CC_5C799E57EF53,0.054942138170793256
CC_5C7B44735AF4,0.14475535037592982
CC_5C7D8DF047E9,0.1986484618630825
CC_5C80F394EFC3,0.13311100030796624
CC_5C99E6189441,0.10351343836827298
CC_5CA9AB4A6AB4,0.11230388726040347
CC_5CB78ADD2432,0.12347434293943317
CC_5CDE37CE08CF,0.053717156772630295
CC_5CE258D12432,0.34659610917590544
CC_5CEEF006ABF9,0.058043458989491224
CC_5CFD2850E277,0.2597198021365764
CC_5D01F71B9FAD,0.11848289354863377
CC_5D065A455A45,0.2135902055446834
CC_5D0AA7D4954A,0.24249103329548016
CC_5D242448B812,0.1515777014767389
CC_5D2C5115BDD2,0.19124355056911535
CC_5D3273E039AF,0.6593570027279206
CC_5D398BB3365B,0.10152962063429141
CC_5D3C1CE64952,0.1104233790041937
CC_5D4B0EBB5CD6,0.09511363414078121
CC_5D5E897588D3,0.07791215224705722
CC_5D65F25FFB8D,0.07050771066367692
CC_5D665A86C465,0.12155075580179675
CC_5D80C353E475,0.11614681889803403
CC_5D8895A0AB4C,0.21620235626217155
CC_5D88A673BF50,0.228011857959289
CC_5D89688B69A9,0.35696155905195776
CC_5D8AC8E18A8E,0.07366544581105865
CC_5D8E7DC2FA6A,0.542486516436116
CC_5DA29AD9E85E,0.0582293083204132
CC_5DB286EAC626,0.28231318987953347
CC_5DBC1BB95B84,0.7583446861481059
CC_5DC0A465470D,0.054256975964878704
CC_5DF82CB03C3F,0.11087533151658147
CC_5E001C93F359,0.054681777051872035
CC_5E029094A55C,0.6910249838977447
CC_5E0808121A65,0.16798898464058457
CC_5E1117E4E593,0.143956875445984
CC_5E1541060A97,0.6785430772290717
CC_5E1C11540C0B,0.08270127912602238
CC_5E1DC0E143F2,0.10886952064881862
CC_5E206AC277E4,0.2615198254887277
CC_5E22B4BC8B12,0.09301637553126409
CC_5E22D889B6BF,0.11520323071074652
CC_5E38425EC99F,0.7412798791482156
CC_5E3A70C2077A,0.14976872252931972
CC_5E5607D275CA,0.11384575187041705
CC_5E73C3D2B3EE,0.1655790513815263
CC_5E7F23A07A71,0.08665262186789381
CC_5E80A96974B8,0.2134559049778901
CC_5E8C0453B9B8,0.30098960140063685
CC_5EA599FBA5E0,0.5295075248806285
CC_5EB379BA6C7A,0.10958688924664722
CC_5EBB96F65AFE,0.43462884910723076
CC_5EC41568C2E1,0.10169448791285936
CC_5EDB5C924107,0.3207416889196097
CC_5EEE5D0FF8D3,0.17187774152120291
CC_5EEF07FFC243,0.0866177562765699
CC_5EEFD690759A,0.08303122669507992
CC_5EF2176F01D5,0.10551512844250116
CC_5F17CA33D26B,0.08821158484270077
CC_5F20750D6658,0.12681569375689422
CC_5F2CE32A6EC3,0.12212453222444283
CC_5F328EE757B6,0.06261785713084778
CC_5F35B8D87D06,0.19489952953107192
CC_5F390BA40E83,0.6993830563472143
CC_5F59092CA9B2,0.11997273284277285
CC_5F5916E96E19,0.16618666741681826
CC_5F5E835B9E6E,0.08887118348023826
CC_5F648D39D67F,0.6002665479893028
CC_5F6D4104C808,0.18253865636976313
CC_5F72EBE104D4,0.03998191603986943
CC_5F765C41F051,0.0647305554442946
CC_5F8859A6F0DB,0.04431679846099871
CC_5F88ACC7C384,0.12091064213710317
CC_5F89DFA97B7C,0.5573373036888816
CC_5F93A3E31DD6,0.5699950145280919
CC_5F9A44423DD4,0.13499528620255666
CC_5FAA7965BD71,0.15729643645914612
CC_5FAFA265CA02,0.375062466625581
CC_5FBE1A34704F,0.19033955615010603
CC_5FCAA919577A,0.2305169420850966
CC_5FCD208ADD77,0.2003393296668465
CC_5FECD2BB0094,0.0926343209209091
CC_5FFDE52E6B7A,0.09962357173031654
CC_6002BFD3F26A,0.15398637341731483
CC_600311592F72,0.06027477867768831
CC_600AE12112D6,0.26805354653205654
CC_601C3178E38D,0.18758244943769015
CC_6037EEA42F2C,0.37756207137749376
CC_604C08F76272,0.6695716017399094
CC_604C72AC662C,0.15872952218884004
CC_60510AFA8A87,0.14846532136251409
CC_605E2E26E52A,0.24609888117764353
CC_605E3904CD8E,0.10467548220636025
CC_60611B935106,0.09893842135742913
CC_6061787228F8,0.15924298565807618
CC_607270A72DFD,0.24825667130417717
CC_60738E418DB3,0.12434018436833719
CC_60961DF8A134,0.13351620111369913
CC_609B7A7FA165,0.08753185658513302
CC_60AC5C892D01,0.10344589377699573
CC_60C09FF84412,0.15659394859229242
CC_60C87349D73D,0.33105490462214254
CC_60DA2FBF1FBF,0.10458039720458535
CC_60DA539A39FD,0.1721439254508625
CC_60E974A0B278,0.07106181708198939
CC_60EF7D647EFC,0.05685951005625152
CC_60F525A39898,0.03600235233951544
CC_610009B69EBA,0.656696794142779
CC_610FDDF5FE54,0.18398757672984145
CC_612C06CB5FF4,0.10950858266280558
CC_61307D82CC26,0.610764159233334
CC_615030FD33CC,0.7186178608882113
CC_61649241FE59,0.19031329110422202
CC_6170051A606A,0.17823345240725208
CC_6179A630658E,0.07511645662906657
CC_617BD59427E7,0.12127894431737307
CC_617EC8BD5153,0.20365790620259439
CC_6191E14D21BE,0.061351147160728474
CC_61A798B8D222,0.058002300852804854
CC_61B4A983D1A1,0.0760849610979982
CC_61C9732AA682,0.742639014422048
CC_61DC64E37471,0.058352245348754495
CC_61EAF14033DB,0.09918290188511943
CC_61F18E0C218F,0.0576216391433853
CC_61F1A1263F5B,0.1366094965863657
CC_6209EA426553,0.05302627698862423
CC_622BD8CB3807,0.25728804341581907
CC_6234A9617A7F,0.10081497451440939
CC_623AC074EB25,0.1269799322965324
CC_623FAACE8A80,0.05111735872708044
CC_6244E2935407,0.2596606645437608
CC_624535E11F69,0.052013642366916184
CC_624EA2917CDD,0.675805592844373
CC_62565D08DDDD,0.7637250402509905
CC_6268ACD3F95B,0.5290050204256339
CC_626B61F4789A,0.5763200164014918
CC_629193C2A090,0.3123423109328346
CC_62933641AC43,0.23572589543721914
CC_629480877536,0.3626399648275913
CC_629CB045D9FE,0.11730503907536946
CC_62A84BC400F0,0.3101064750545176
CC_62C36DF81797,0.18117299580412768
CC_62CC835CAE4A,0.6459187394246765
CC_62D4192F126E,0.7569333724583099
CC_62D7A3C9483D,0.066935155142554
CC_62DF1B99B4DA,0.1021093443084723
CC_62ED7BA3E620,0.0450304079199456
CC_62FC001AFC78,0.0967382229456473
CC_630412B4AFDA,0.1861842914746499
CC_630903AD39C1,0.03853853856272949
CC_630938DCC1B5,0.06934223478115092
CC_630ACED773E9,0.44338415317276947
CC_631E1690D913,0.06652429691720017
CC_633A7C7FC25F,0.25563235175130145
CC_6342051D8FEA,0.22357308860884395
CC_634CE4E8AE49,0.17340518211386735
CC_6359692F5EF6,0.1291211248116255
CC_637278423A6D,0.25191344586918407
CC_6377AB848081,0.11386310689482015
CC_6381A65E0A3D,0.10042467644320227
CC_63871B4814E2,0.12994102805150698
CC_638AD269F05C,0.03805025444494498
CC_6391AE0FB83F,0.15099568809446665
CC_639703EE2ABD,0.03938560801870231
CC_639750C87A7A,0.727576659497692
CC_639B1DCECD2F,0.16357565917143804
CC_63A869443AC0,0.47854764667665517
CC_63CCEE26BCAE,0.06507083501471911
CC_63D51CECB6D2,0.27537961080847684
CC_63E53402FC02,0.03389872518284074
CC_63FC6895901C,0.14041026966993184
CC_63FC8A97D9C1,0.1430035709287151
CC_64117B93EF73,0.36026088768358955
CC_642D9C325F1D,0.319402244966063
CC_6436B950E22B,0.1857240438330096
CC_6445BD3DDB6E,0.03798603277731227
CC_645C15569E42,0.08589710219112544
CC_646472AD66EF,0.0942551426240397
CC_646B8254357E,0.13979512955995962
CC_647F4BB4983D,0.650177601133236
CC_6489ECEEFD0E,0.10498211037638706
CC_64946E57306A,0.037795971546913984
CC_64976830B0B7,0.3030484257541347
CC_64BA10F3FAA1,0.09649404379724943
CC_64BA39A0DFC6,0.09583732756739902
CC_64CF9A79EBFC,0.09797556361086981
CC_64F0E0473D1E,0.07250126169778175
CC_65006C2AB2D4,0.7728262019713292
CC_6500BD19FA06,0.3140593803845789
CC_6504DCAA90E1,0.08556225710760851
CC_6509C7361994,0.17065475152031628
CC_651486189673,0.10493426552705398
CC_65194BAE506A,0.16920626447982054
CC_652539353439,0.16358558950085905
CC_653CE5FA5A76,0.2809167235186975
CC_6560C2F4EDA4,0.17241618324014002
CC_656137F98187,0.6312798132690931
CC_6575B4B39113,0.04227781516025627
CC_657F629D31E2,0.16621788909789426
CC_6580B7583ADE,0.18713643353536571
CC_658477BA75D6,0.04888961864720373
CC_658B7867BE7C,0.11970828864114588
CC_6593FE5349F2,0.10775762222504132
CC_659EE0F05A75,0.3427691811911574
CC_65A0D8134410,0.2500076139362912
CC_65ADD5A19F64,0.10950478589662599
CC_65C3F0F73BB1,0.09624751483608664
CC_65C47521C285,0.06252193472333135
CC_65C4EE0B737C,0.23931037283855236
CC_65CB68404333,0.19631811050615366
CC_65D6DFF1B766,0.11861357905359568
CC_65F1545C35E1,0.18762986674212634
CC_6602547E2FCF,0.2096187209391317
CC_6615D7044816,0.27574880073742974
CC_66244D4B72EA,0.09576021301663554
CC_662E5AAE07A8,0.051916800350423016
CC_66322B339E84,0.05060829389621854
CC_6634FD4B1CD5,0.7803185827855039
CC_663DCEF4923E,0.17417689270827325
CC_663FE5BF918D,0.5382547701544306
CC_6645798E740D,0.10542282212820592
CC_6649736C8321,0.7848277347555478
CC_664E1026C4D9,0.28801245856707397
CC_665603C4A33B,0.061884818904908025
CC_665BDD9C8039,0.4166582984531636
CC_665F2AD58363,0.21123269039933013
CC_666767444BC3,0.21442413004331615
CC_666C0A2A8674,0.07066765289469666
CC_666F2BCDC7D7,0.17966932620143972
CC_66775178B226,0.07116726686697977
CC_667B6F8C846A,0.6852375067293566
CC_667E909835A4,0.20718294388040343
CC_66809C278FCC,0.17447844968535145
CC_669CCC44CFCD,0.06865182178708035
CC_66B0BD3F6516,0.3076662237079124
CC_66BF02C05DD8,0.11301220906373782
CC_66C491256BE4,0.07420528198681958
CC_66CEFA65F912,0.34675493143676694
CC_66E025DB3282,0.6217680506599951
CC_66E7B423A32F,0.6376398983141368
CC_66ED26E7BAD9,0.08667047468128442
CC_66F7FF7735C3,0.19277470693848334
CC_66FD0CE6D57B,0.0547058222466822
CC_66FFFE05C2E8,0.1025944344648699
CC_6700012A39B8,0.14315394518509275
CC_670FC6A064F0,0.18806285668768535
CC_672932B65802,0.09391027947452713
CC_6742C6478F98,0.18494022248441494
CC_6745321663BF,0.06218826615199873
CC_67579CF57290,0.16682012676567662
CC_675F7483FB90,0.1833788944737786
CC_676ACFAA6131,0.6699994471572299
CC_676B423C495A,0.604328540140729
CC_6771C0D1CB1F,0.06232721500662621
CC_677EE0369CA7,0.06650435479413183
CC_677FE35855A9,0.212386721223158
CC_678091614A14,0.11836032232317081
CC_678A43ED0803,0.6741986922625385
CC_67955C210226,0.08766262647896553
CC_6797E0B01112,0.2366463236217127
CC_679D90941842,0.16080590224138003
CC_67C05273700B,0.12381745794944315
CC_67D5172B6450,0.1489700161547256
CC_67E8CF412D93,0.11610760474679432
CC_67F6576A6836,0.23235246059930523
CC_67F985A00A12,0.05444655667194485
CC_6801AD1D4478,0.08278645308260721
CC_6803BFA94B17,0.05424714555539466
CC_680B16E5E240,0.13398827160935647
CC_680F2D0F4F6C,0.08349760918530871
CC_68221E1393E1,0.09022408647219812
CC_6822590B968C,0.19159950338420448
CC_682D8EBCEE94,0.21834957618563522
CC_68429B4AE401,0.4513050224734972
CC_686B26BDD061,0.07154581889255877
CC_687518442359,0.44677483269166807
CC_6875DA61F422,0.23574463270606366
CC_68A3D749608C,0.1683670258756606
CC_68A9C3CE2557,0.09808989265067058
CC_68B9F8C6D9D6,0.6805132373385461
CC_68BC65E3C84A,0.44694998585565415
CC_68CC4D1D898F,0.08504544843069003
CC_68D0ACBD2D0F,0.043729499236701164
CC_68DA8D5488B3,0.08277771292622925
CC_68E675A69AF3,0.1759503397665218
CC_68FC9E6FA27E,0.17928688776972873
CC_69322F7C4CE3,0.0923371025082528
CC_693710EAD59A,0.2125877147714098
CC_69387752F41F,0.5200612362978252
CC_693B71DDFE67,0.13754188970667341
CC_693D4AEDA3A2,0.10707452635636103
CC_6952171BCD2D,0.132151493976008
CC_69547DEB412A,0.23524588200779173
CC_695E80DBA42A,0.08607053639584178
CC_69717E76CFAF,0.4386890442336485
CC_69741BF89A2D,0.11439792508906772
CC_69825C70EEE9,0.21851376943782544
CC_6985C268DC74,0.43002830323265145
CC_698886C4AD90,0.14026207360412568
CC_6999901A6060,0.18038656103965123
CC_699ABD34646F,0.06238379333325856
CC_69A98DC7A907,0.056314789663437274
CC_69AA6E0DDE10,0.21394825231000072
CC_69AD5A48A78B,0.19406457725741333
CC_69BA7BFF98E2,0.13203865092686404
CC_69BBE365C097,0.05478057226077987
CC_69CD95A00D9C,0.047172028427677426
CC_69D328691680,0.0618680146633567
CC_69D39C9F36F2,0.2729191860596862
CC_69E09390CD64,0.09201994824071433
CC_69FD49E90AC9,0.3603210995099768
CC_6A099AFE73BC,0.1569088718712665
CC_6A099E6C91BA,0.28253446802550886
CC_6A19EB191A81,0.03334784397572003
CC_6A39017046FE,0.1144062190913682
CC_6A4A401F2920,0.33275489185767865
CC_6A5261180031,0.058322631738445
CC_6A7432494840,0.14815445040867217
CC_6A7963180D20,0.3617310138661226
CC_6A7D7E5F814F,0.5840648338637097
CC_6A8B8BBA749E,0.16433329589607965
CC_6A8DFDB0621D,0.151003768904004
CC_6A93C436E2FF,0.09642553932817066
CC_6A97F81D9A0A,0.15079864049795175
CC_6A9D1622B4DE,0.304561631028877
CC_6AA6589445C1,0.6576097302686178
CC_6AA7A87F59FD,0.1718619286126247
CC_6AADD44C0B52,0.09380535555712553
CC_6AB4A5EBA3F6,0.19689331027576426
CC_6ABA7D0ABAC5,0.12015178874144077
CC_6ACF1E52BE8E,0.13132424939888104
CC_6AD3513459CB,0.10363288038367538
CC_6AD4238EE77D,0.20601538679237896
CC_6ADD0FE5DD74,0.6544692901385738
CC_6AE2737BD3A8,0.11053814272243084
CC_6AE48C1F2448,0.14776804462512408
CC_6B00A666A420,0.5932533531787181
CC_6B07C3992304,0.0726813208294851
CC_6B0A72BBD800,0.6528862730660487
CC_6B12B975F2EC,0.3267661507601811
CC_6B12C9507F32,0.15660179314663744
CC_6B34719D93AC,0.5811671874212092
CC_6B34740DD355,0.148168535114074
CC_6B41081727AD,0.21298983670698796
CC_6B4902892E70,0.08975360088922518
CC_6B5BC2D89077,0.7593576120353984
CC_6B65242C2CCC,0.12721777566101888
CC_6B823BACBE75,0.3256079850748227
CC_6B83E1A959C2,0.24967242461547676
CC_6B84FB3DE604,0.03888203055843769
CC_6B8AABAA752E,0.16345093174925734
CC_6B8AC0DEE990,0.3827854797165885
CC_6BA45C072D40,0.1516831643660413
CC_6BA72ECB5027,0.1154405192605221
CC_6BB560F020BD,0.07439870489642535
CC_6BDF0B68C126,0.03202206450772369
CC_6BF0A9437728,0.16950491187941885
CC_6BF3B9097199,0.13717378725604584
CC_6BF7A1EF31B9,0.16598975472380798
CC_6C29DF49246A,0.07257675156009914
CC_6C3C86C2125E,0.10058124403825666
CC_6C42FF6D7218,0.6218348899378514
CC_6C541A482CF2,0.20539430178592144
CC_6C585A6BFE01,0.8133154239383279
CC_6C5CE36700D0,0.17973978353152215
CC_6C62C2094733,0.08486415842094769
CC_6C66539A9D02,0.24369072420784818
CC_6C684505E498,0.0813604660921714
CC_6C6E40927C35,0.043796888156084214
CC_6C7736F51C12,0.6741663972235471
CC_6C781CEB6F52,0.09412186233304565
CC_6C7E39BF4744,0.17637227916334142
CC_6C9EE9BAECEE,0.0647126353690953
CC_6CA0F076091A,0.11005006336203561
CC_6CAD299645B0,0.17004674211597973
CC_6CC3C50BA394,0.09484583689620371
CC_6CC593C5385D,0.04528092056083216
CC_6CDA4B24C602,0.27497278612042647
CC_6CE31AFF7813,0.058631151412970844
CC_6CECB68DE9C1,0.33835226112423933
CC_6CECD3DBA212,0.1559021008862976
CC_6CF17D012682,0.19325871437057177
CC_6CFCDF903310,0.11803520576000423
CC_6D08B5E62654,0.11056518879167734
CC_6D0F60667273,0.2880137751647851
CC_6D127EE83945,0.05505750506551804
CC_6D134DB29068,0.3836176064787641
CC_6D141A49D94E,0.584430819809357
CC_6D148C0A624D,0.1664882499845209
CC_6D1EFDDE2EED,0.06725491322677465
CC_6D22B938D7B9,0.07540634221173179
CC_6D27409F4956,0.10396558403609191
CC_6D2F0EBBCA4D,0.2500620605372811
CC_6D43BE30E8B8,0.26923632041022666
CC_6D4EDEAF67C7,0.1852546027954706
CC_6D72571304DC,0.4610923963352883
CC_6D7C62C7C161,0.06469413548854289
CC_6D8A18C28AF0,0.06411381365832708
CC_6D8B35007242,0.07942822100712446
CC_6D93A9E49E3B,0.12349328330311626
CC_6D9C644A082B,0.11112434637195814
CC_6D9F52BD4D0E,0.11824924029721846
CC_6DA058F9B631,0.24402803268271644
CC_6DA1F8DF9CDC,0.25437517717400154
CC_6DB000AEF16A,0.09901983006584114
CC_6DB5025899E3,0.19496631432629424
CC_6DD6FA2FA0C6,0.09266531640668231
CC_6DE4E4C1A31D,0.16438046545532178
CC_6E09CBC15C94,0.4790410819301604
CC_6E353816938F,0.051727331271486654
CC_6E3AB992A5C9,0.1404083878067855
CC_6E420A2FE490,0.16163140459584258
CC_6E46D01888D5,0.16174917719693693
CC_6E4702162475,0.046055488233226194
CC_6E548AF15091,0.232893496874228
CC_6E5C9A2DA27E,0.04084630232231607
CC_6E610F3976CB,0.18717224059493653
CC_6E614FF9BE02,0.6860310939912179
CC_6E68D46447E2,0.1056325544804593
CC_6E712C21215D,0.042510928351328775
CC_6E84DED41B8B,0.11215448895929256
CC_6E8557E30DC9,0.6338996202801488
CC_6E8963475D35,0.19800569018730935
CC_6E9880CA0BF9,0.287075192293989
CC_6E9FCD68ED52,0.6829620806206742
CC_6EB194A93F60,0.1409048487284709
CC_6EB370F511F7,0.060885410518152785
CC_6EC722B2BC2F,0.15633038828906878
CC_6ED1B0EE4B6C,0.23930417084575295
CC_6ED65E7CABA2,0.10033269975272935
CC_6EDA84B653B8,0.35347189391179035
CC_6EEE8E7C1D1C,0.1910648262883866
CC_6EF17801ADD6,0.12972156534482426
CC_6EF337CC4BA9,0.2543671913290361
CC_6EF464EC9FCF,0.09509660873176691
CC_6EF6B8AE7DCD,0.04238665765345512
CC_6EF8C59D8395,0.8775446548747872
CC_6F2146FE362E,0.06437759050493522
CC_6F2408B665A6,0.3806440076864319
CC_6F2B8E925D59,0.033792346815656085
CC_6F3034E96848,0.11733249118351881
CC_6F3559ACC2F5,0.045286552985878185
CC_6F46C5897DA8,0.40802736440235254
CC_6F49ECAE902C,0.06920926945635701
CC_6F4B818665D3,0.13933746717109358
CC_6F4E696A1F88,0.2933140497490545
CC_6F54BD66C0EA,0.17332716622999245
CC_6F786C433998,0.08392365835839868
CC_6F78BF56B0C0,0.08718802540251971
CC_6F8346F138C1,0.4460719178560002
CC_6F86CFDB23D6,0.05517643803368025
CC_6F8E30AE9457,0.18598204676225344
CC_6FC25B27AC26,0.07807130943361837
CC_6FC8BE007FE9,0.16482321455174037
CC_6FC8DA40122A,0.1791177896527432
CC_6FD8BAB1DA3E,0.07291522260345995
CC_6FE4FD09A9D8,0.1046848440397151
CC_6FE78CB02174,0.04198572000372575
CC_6FEB8EDBF2A4,0.20427161400527027
CC_6FFCF2DAD0A4,0.06848240684957521
CC_7002034B0979,0.08336777367766776
CC_7006523D45E4,0.07994793963797374
CC_70097151A773,0.08420155171898522
CC_7011BC95A91B,0.049230832593311596
CC_7020F3C11A3F,0.16248859659209544
CC_70306409A3E8,0.2987815342353098
CC_706B18DA7204,0.11834788928046876
CC_70703A59C070,0.18387464889131896
CC_70749DDFF595,0.1339278156162201
CC_7079CE5127A3,0.042712475968472566
CC_7087A46F0AB7,0.11201262701778333
CC_708B73EBD939,0.1382733922512552
CC_709315667BCA,0.0841582783133701
CC_709970475B6D,0.575157621920211
CC_70A56ADAC199,0.0606947216396192
CC_70ABB244502D,0.047796202002458286
CC_70B0176647CE,0.11486160422087152
CC_70D3353DA1C3,0.07612634991012719
CC_70D652DF4E91,0.13885093809269733
CC_70E3121BFDC4,0.10950602868055925
CC_70E5FB8B072D,0.04420883424788859
CC_70EFECA3FAEB,0.18096054531421626
CC_70F59DA18BCA,0.43518123789486346
CC_7100129A0AFF,0.09530034358162967
CC_7113554E33B9,0.038365708008489596
CC_71260405461D,0.04457872510885423
CC_712677251322,0.20171931635272244
CC_712D31B2785D,0.08681351835941503
CC_713052DB1E2E,0.0665963539122587
CC_7139C2D6F1AC,0.11518151631128866
CC_71427FC8FA49,0.22600884204031765
CC_714912E93A71,0.14369409947114659
CC_717A5C2ED311,0.2503702504339763
CC_717C94F5C8F1,0.0635201715662161
CC_718F067F4DA0,0.04669684520861567
CC_719E714DD38C,0.06257427626773726
CC_71B169C874D0,0.151581082307745
CC_71BB5070615C,0.10553921434676865
CC_71D37D6D19C6,0.18675251974380983
CC_71DC80205F42,0.14731888623301898
CC_71DEB636B8CD,0.6038765252245302
CC_71E4CBAA1211,0.19304617253797493
CC_71E787049755,0.09684529343512793
CC_71F1EF5575AC,0.08932464356518993
CC_7201DD8EB33B,0.20651702130697475
CC_7202C8CE2317,0.2984412199843229
CC_720B06583C57,0.04107301107815734
CC_721DEC038BAF,0.07486936716878058
CC_72219BCC83E3,0.15251456375487873
CC_7223DABA7E98,0.09332610651188761
CC_7233459FF7B8,0.22684953218857623
CC_7238A8A6767A,0.20390890951148077
CC_724559551664,0.6278491886195277
CC_7248EB4B76CF,0.06198246549881556
CC_7259B5314D92,0.09370138352932421
CC_725CA03102FE,0.04489268719967903
CC_726E05E5A555,0.13369516198562495
CC_7276AEED6D4A,0.07413254051164567
CC_72A18E8D6670,0.04270811961256261
CC_72CDBC38202A,0.5095664099291789
CC_72D8B2ABA2D1,0.7284512087108729
CC_72E4590D362B,0.39805357398104735
CC_72E8542AE4BA,0.0384736323837996
CC_73010B6E55DD,0.6259938153477395
CC_7309A4693D52,0.13658160756859175
CC_730C2A3FF1BF,0.15573663832248194
CC_731C1BCED024,0.5738327326705852
CC_732C325832D8,0.22466126286810686
CC_732DFCAA0A75,0.19237035071364045
CC_73322A6A24B1,0.8003375325937214
CC_7336B19A18AB,0.22147883652693215
CC_733AF1D123B8,0.3167167103787716
CC_7344A0E90AFC,0.09330360749393282
CC_7348C2B475B7,0.10921960124694272
CC_735E1A78B058,0.08796632089040633
CC_735ED2A02DC4,0.13729083076869186
CC_736015DE4E3D,0.34731915425231324
CC_736A42761E55,0.10602291834088334
CC_736C0436B98D,0.15074917572684932
CC_7379212919FD,0.08787269316732699
CC_73859CD59E75,0.5780902273959393
CC_738B201B1CF9,0.09269055422023974
CC_738DCB11942F,0.07286144832820703
CC_739198ACE582,0.13325754408986693
CC_739D093D7B69,0.11273675955168422
CC_73A7FC903662,0.15775679459872377
CC_73A8927DCEB9,0.09931166178245844
CC_73B575BBBBE3,0.1727067879151269
CC_73B6B9AD2002,0.0524168630258676
CC_73C28D72A5A3,0.4220985703781657
CC_73C38DBDF9A7,0.11383174777539691
CC_73D44BEF6754,0.33193101549803367
CC_73D4C1D7C022,0.07984945872946976
CC_73EF383F3C2E,0.14961597193821488
CC_73F34B1607C1,0.07840592513612817
CC_74137206902D,0.09550464950697851
CC_74198E5EC366,0.06580921573793741
CC_744FB5804A8C,0.6181214910700964
CC_7451E64B6D47,0.15609343526034825
CC_745A64878AF1,0.08699852293245353
CC_746B196CECA1,0.152844389276234
CC_746C06898D5B,0.6135607786216182
CC_746DE1EED0DD,0.21845185509179127
CC_7476938CF6A0,0.46924585897884086
CC_747CFDB7E305,0.0932729688101628
CC_74845374E870,0.740099196729995
CC_74AD8D3B192C,0.7101898070230794
CC_74B90A15B270,0.12291811470591787
CC_74BA5D46E909,0.6782624191750505
CC_74BE0AD5E21D,0.17410331883643
CC_74C33B66F002,0.16434957096922065
CC_74C9C3F17421,0.06077762076107188
CC_74E4BD5C07D2,0.06578929579027877
CC_750D90249EFD,0.08895495099203454
CC_750DA21B7EDD,0.30685370628972986
CC_750E6537383A,0.24237731765047119
CC_75137D6F9DCB,0.09692660911449352
CC_75173A8A11D1,0.38696473342121396
CC_751DDC1FC2AD,0.1196431696013264
CC_75357E0206F5,0.10139066337071277
CC_753D160E3A58,0.128330761235981
CC_754447632F75,0.04308639210777912
CC_7549363C5D36,0.08245904785657795
CC_754F3894627C,0.11440458113867034
CC_7562CD43897F,0.11821415701134191
CC_756A077EC614,0.39598825413610117
CC_756D3492443F,0.24274128093843553
CC_75783B3E6C6E,0.04635670666650324
CC_7598068A716C,0.04968840120439323
CC_75A37D8C1F6C,0.5971841169914369
CC_75ABDDA24C26,0.11071306938177572
CC_75B287424E59,0.3760186100979416
CC_75B2B88876B6,0.11765343422653209
CC_75B324FCDD4A,0.20552830304511788
CC_75C1466E61E2,0.2655489025504258
CC_75CCCD9D4568,0.10723049167659271
CC_75D2DAF4491C,0.3744875431124897
CC_75D54090AAD4,0.109782189612405
CC_75F1927E5941,0.6980925130976332
CC_75F99AD6844A,0.30240563774218054
CC_75FBA505C727,0.25239350515150827
CC_7615CC930B76,0.1369757878542222
CC_76168488EBB0,0.3699730504370741
CC_76197A77D666,0.03189603621221161
CC_761F48F8E962,0.2168703212670242
CC_764C6ADC6D1A,0.08833360647283181
CC_7658A6B0910B,0.04920729713501171
CC_766347951B7B,0.5829884009344225
CC_76857712D8F5,0.302127396582228
CC_76A0DF2549B7,0.0988653299304281
CC_76A636414AEB,0.2037296081884938
CC_76B01540CDD1,0.14118444825770832
CC_76B420FC66EB,0.08577191971441969
CC_76B6BCD2EBAF,0.07661845237107097
CC_76B7A0029620,0.13121447696300959
CC_76BA435EF2AC,0.1317269960699893
CC_76BCC1AFDA4D,0.08013516576045658
CC_76C35913E797,0.12206815204482727
CC_76DE3DF1DEE3,0.1748929610100956
CC_76DFA4CD068B,0.09516363239179462
CC_76DFE3568C72,0.25683851294452825
CC_76E201F1E036,0.35610929057815977
CC_76E83166FE0A,0.13645295900194065
CC_76FD9E9D9ED0,0.12220284867782807
CC_7720BBD06736,0.3291747203685309
CC_77340228F356,0.7210038767819477
CC_773CBBCBAFFE,0.10811649961666439
CC_773E9B092923,0.1150516495101296
CC_773F22C3E42F,0.04810972863648667
CC_774ED295BF96,0.1242580650062073
CC_7751ED6DF76C,0.05136508952937904
CC_77571749B970,0.13060338829572873
CC_776F8B3BAC08,0.10703532874012539
CC_777889F9694E,0.05007065962496403
CC_777D08513AE8,0.0796383731154083
CC_777E3D988EFD,0.23006899519860532
CC_7795BEDE05E8,0.2740348374770366
CC_77A9EA3A6784,0.09809815979371256
CC_77B1AB7960A9,0.19010962790045552
CC_77B6EA810549,0.2863489519756329
CC_77B9889C9BFD,0.2154126540188428
CC_77BC55DC92B6,0.13371321128134095
CC_77D1DFCB0A8B,0.055337966272204185
CC_77D9AC43DFE1,0.20727235991798615
CC_77E6EF1CF2F7,0.12283765849258346
CC_77FFA8E6B36D,0.08733026214297462
CC_7801661A9DC2,0.16044588216764788
CC_78069B1BD931,0.13839401526769415
CC_780828B48716,0.08327595440295302
CC_782130B98F34,0.10439397012276072
CC_78273789B3C5,0.749141482351342
CC_78296783E4EA,0.18078293953578423
CC_782B06291D87,0.05238474039396261
CC_783A2D4C89F9,0.43542218380593195
CC_784407E16923,0.10102360227573906
CC_78491B6255F2,0.44050544835482613
CC_784F17AC712F,0.0676911790720861
CC_7852FC3BBADB,0.08526256144386489
CC_7866E4CE528E,0.8147346917687672
CC_7867E7C01013,0.18055757392772057
CC_7869F609EC2E,0.18013724618795912
CC_7874F14ABD7F,0.14744517656759956
CC_78774E05FF12,0.16478031158188866
CC_78815A352067,0.11951127156392044
CC_788FF4549766,0.3018957886886459
CC_789977501322,0.12719521828530822
CC_789B2BA880E7,0.04136338056590318
CC_789D87F51AA1,0.0752832157174491
CC_789DC3C358CB,0.19981910228660807
CC_78A036DF6320,0.6977750753261883
CC_78A3EA63B7EF,0.041579044406118204
CC_78BF1B8FC1CA,0.11464654461098955
CC_78C96E7015BA,0.6277878880984661
CC_78CC84FA2CE2,0.1686364334120416
CC_78F0087076CF,0.1573575270102807
CC_78FAA95F5B5F,0.1498096259425183
CC_79033EFDE096,0.1270602811824696
CC_79086C18A963,0.1313989881456467
CC_790DA2ED9F5B,0.1095945374060125
CC_7928811F7D86,0.10577119188443371
CC_79345478FCE5,0.16417722684919311
CC_7936C8D65B95,0.12542001883643375
CC_7948C5509411,0.4788268979999868
CC_794ADB0677CD,0.1296181423332564
CC_794FF8E7F876,0.05126669347332064
CC_79500EA652BC,0.5556885103574513
CC_795083A66DB5,0.0380365316534393
CC_7950D4B773CF,0.13510133572573538
CC_7955AEB49759,0.14661970034230287
CC_7964F862DFA3,0.41280093130614337
CC_797A700CF967,0.4421086985450349
CC_798180DDF677,0.35692078267557426
CC_7981ABA9C370,0.10841109557996166
CC_798B2DC03C5A,0.06701276151967904
CC_79BD986C23CA,0.07003253971761698
CC_79C6BA680815,0.5221214055196282
CC_79D694E6F5AF,0.28581393029271496
CC_79ED9A0F6E49,0.45560086737180094
CC_79FA2512E5A2,0.16411410677257243
CC_7A0024F6FA60,0.2167767705804659
CC_7A193A453F27,0.0404281205385206
CC_7A1F071DC5D4,0.30016719903184264
CC_7A5D96BC99AA,0.7740060569414015
CC_7A6B51562949,0.1803242062110276
CC_7A6D7F9654DD,0.4141525028808599
CC_7A778E010F33,0.22055903579114636
CC_7A7FB841B669,0.5678575185821357
CC_7A91013D31E1,0.1308926396961213
CC_7A9117596769,0.06520767712155597
CC_7AAF340DCE8F,0.17138641276017944
CC_7AB146267981,0.22673197238343495
CC_7AB2A9CC8424,0.21597546634355952
CC_7AC1DF18CBA4,0.25757764159003704
CC_7AC4240DD225,0.3769340060764357
CC_7ACB325BD924,0.20826054433822752
CC_7ACB88002397,0.4971172453657098
CC_7ACD4F370AED,0.20338797345980708
CC_7AD4072A9F82,0.0502663538580438
CC_7ADEECDE4D73,0.21932039238269435
CC_7AEB48D8C5E0,0.08760786933667031
CC_7AFA5CD2B29E,0.09907555557245044
CC_7B092786DDB0,0.05368262656741496
CC_7B1B35D5628E,0.05433202050350061
CC_7B210557F04A,0.11163982938547413
CC_7B369A7C1D3F,0.14799208042721956
CC_7B4002591821,0.6747957193131489
CC_7B42BD80D79A,0.18455386243528568
CC_7B44FDF08B93,0.10356433847205287
CC_7B501C32CAE5,0.06960822159761246
CC_7B88520D4FA2,0.3630108129305627
CC_7B8ABE6E552B,0.17115855435701244
CC_7B8D2E07908E,0.3856281696384443
CC_7BA150468D19,0.45265976947648134
CC_7BB159FCEB53,0.23488461466658853
CC_7BDD72710831,0.06400853730152975
CC_7BE02C65B967,0.15815115108295547
CC_7BE382988C1C,0.6392877694850654
CC_7BE6110DBAA1,0.3246260543730604
CC_7C0B14BB0573,0.1370843372880041
CC_7C0CF5558904,0.751824078014438
CC_7C13E7F561DA,0.6328368952083087
CC_7C46F7F667F3,0.11760127846002252
CC_7C510CE0521B,0.07330812279605545
CC_7C61B5D39E49,0.4495192976954535
CC_7C6770DDA182,0.114795603981234
CC_7C6DBF78A610,0.0984110896847243
CC_7C7B0438E3AB,0.1589084306042415
CC_7C87DFBC3176,0.0955545397374792
CC_7C9528E94215,0.277791538541425
CC_7C9ADE65CF81,0.10298131568048013
CC_7CB6CD1B9DD0,0.05068713047805991
CC_7CB7C7E55BE6,0.16166454769847366
CC_7CCC3A690325,0.11538123261191893
CC_7CE5689488DB,0.0588166300877279
CC_7CEB758A9814,0.053863900844662346
CC_7CF7443D923A,0.0687165810281402
CC_7D0D597690BF,0.11870983233025599
CC_7D0EA0307817,0.044567667434889505
CC_7D12E6FF25C3,0.13333573957308542
CC_7D28D39AED1F,0.6014421443666188
CC_7D2D19D832FF,0.0767860183649942
CC_7D34A67E1369,0.07488304750269653
CC_7D4388B41EB9,0.1648437833571138
CC_7D46FE573D79,0.07696280610197676
CC_7D7810799F2E,0.04947595006259536
CC_7D79241150C8,0.1361517001209111
CC_7D7B92EF2655,0.13017086242879347
CC_7D8C2495C1F7,0.0735396633598187
CC_7DA4F1BA24A1,0.6725205791009172
CC_7DAF18939084,0.06129781601694645
CC_7DB8BA427410,0.07378221237431802
CC_7DC9456F1161,0.050849210345898135
CC_7DD2CBE0F0BC,0.2278127787232388
CC_7DD495158BFD,0.6878485350002546
CC_7DD5411F7A14,0.31161991650892273
CC_7DF099A7A092,0.22616080375552153
CC_7DF27D2AC111,0.03816276730246279
CC_7E0CA072EF93,0.07225886681080526
CC_7E0DA100F5F2,0.16842220241857409
CC_7E1086EFDED5,0.040835847547456984
CC_7E12E0F3CF6D,0.09546522969740681
CC_7E178CE78FB8,0.0809689313219354
CC_7E1C1A6D0E9A,0.1760819563628729
CC_7E2A76850DF6,0.7938348234700676
CC_7E3ACB15C69D,0.12573202272200468
CC_7E3F3373A73D,0.7114302894657858
CC_7E42A3D0737F,0.12422495195976226
CC_7E4679C534D7,0.23684890430823435
CC_7E53FEEB19B1,0.26600235352063306
CC_7E71CE7FC603,0.18657100551454525
CC_7E8333DBAEB4,0.3815753640506603
CC_7E843438DE4A,0.051666385479277654
CC_7E8E4747C0D0,0.5710076005263713
CC_7E952828C1B5,0.09029841679256356
CC_7EA6431FE6F5,0.11424788985267055
CC_7EA7BA7621C3,0.294290800863807
CC_7EA8F24B3010,0.08480873955432257
CC_7EAB28B0309C,0.06109076861279043
CC_7EB4A5BDA97E,0.08856683967401784
CC_7EB4B0A36534,0.08697009589131133
CC_7EB791F4AB2E,0.09567104745445783
CC_7EB883C9D5F9,0.04209820335509587
CC_7EC59C577F02,0.07828892742858279
CC_7ED2683D26DD,0.08439828138604466
CC_7EDB3440E0AB,0.5770839392996596
CC_7EE12013C7DF,0.15998852152669904
CC_7EF824CC0D3C,0.1547153974985001
CC_7F09C6F6321D,0.7561363747277353
CC_7F1AD40DA179,0.19333844769793523
CC_7F1D38A39164,0.08371625830661983
CC_7F22B7D326CC,0.178458291844511
CC_7F2614F1AAAE,0.23012937532589628
CC_7F2CDC7C1634,0.048213133808372416
CC_7F2D46DF9BC7,0.15268899169838637
CC_7F57A90B69E0,0.2689391287559561
CC_7F633226A676,0.29907350517052383
CC_7F753D809267,0.6687699354263907
CC_7F7EBF25AED7,0.03770684410470616
CC_7F8496CC5779,0.043356256389537086
CC_7F88D9C5D258,0.0804982060168743
CC_7F8AB4DCA794,0.12871707229974536
CC_7F8CC9509418,0.24581167735217688
CC_7F9069571F79,0.30156741901546463
CC_7F9AD27E079E,0.21348645860983184
CC_7FA281AC1C7A,0.08179162424793163
CC_7FA389E90548,0.07061735949576575
CC_7FBF4A48AF55,0.055924157501551545
CC_7FC40175A8E1,0.2510047700893578
CC_7FD58EE7029D,0.09214311511257543
CC_7FD7F635C341,0.0609450992665644
CC_7FDD458DA059,0.238572351844342
CC_7FE85C259E03,0.10072305818505689
CC_7FE8CD30D7E0,0.09612650702931202
CC_7FFA32DE7B04,0.14912450801161442
CC_8014F1E2C5BF,0.05200519118615055
CC_8015895C1C29,0.2200415864119245
CC_802BA7E39A13,0.061926208150696285
CC_80300D23C3FE,0.45866663270944885
CC_80465303B6E2,0.18532623143053745
CC_805ADFD46B84,0.06587637591232108
CC_8060F40D9522,0.15693541005418987
CC_80621E822131,0.05939181079933969
CC_806654B580B5,0.41777055545617775
CC_806CFD6A52BA,0.04757137802079345
CC_807935BBEB7F,0.04943734914526079
CC_807C57E626E4,0.06419519952861447
CC_807C91C98684,0.03694127662298704
CC_8096B589BB07,0.12995943440891083
CC_809D60155E9D,0.07700414357844251
CC_80A2189E5125,0.5237158501706254
CC_80AF87F62770,0.169543042301924
CC_80C03DF9CC57,0.2068554251911346
CC_80D9B6563750,0.5107582109537729
CC_80E9638ABD4B,0.04704869871814717
CC_80F7171B71CF,0.12121926987948527
CC_80F9983BC18B,0.06486206627186575
CC_811109A98EFF,0.1020949968587378
CC_8129480B056D,0.39103132586206946
CC_8134E5DA9FEB,0.5873126761837961
CC_8140399AD344,0.12601878768714908
CC_8140E278B6A0,0.23758196084243546
CC_814E0F756757,0.44068319463196154
CC_815FAAABFC91,0.1348702331706746
CC_816B28807CED,0.08510121399589927
CC_81821F9F2307,0.5918931302010064
CC_8186D7991EB8,0.05965870076960275
CC_819E203180C8,0.8143566086125127
CC_81A5E3141BDA,0.5216112582230474
CC_81B5CED8EE79,0.11888099942489921
CC_81B91198E00D,0.7322151245110919
CC_81BADC379C8B,0.20032638114132434
CC_81BF8EA390F7,0.04512860583106935
CC_81C5FC962C72,0.0654322264324886
CC_81DDBFAF1CB6,0.047570234640218895
CC_81DE637E6138,0.038198382427002055
CC_81F389DEC9C5,0.09333390197812058
CC_81F647806849,0.1330134993651119
CC_820D491B2903,0.7496172175105904
CC_82172863AA45,0.29747607971927975
CC_82195FBE9366,0.06829261751796811
CC_821F503DA953,0.08148171640562742
CC_8221AF9B0B93,0.7726713574472809
CC_8222D1C47857,0.06009005401171337
CC_824BB6CD2B25,0.06455122815059228
CC_825192411933,0.09774083467863848
CC_8270E213EDF5,0.18643227095576692
CC_82839CC161E8,0.07066231625318072
CC_828A0B6D7291,0.09545580575701457
CC_828EDE22A438,0.04090124105611756
CC_82928B5ABD45,0.2985575180340799
CC_82A7FE954659,0.17762106486995072
CC_82ABE1FFFA1F,0.11096804850812715
CC_82BDFA01C41F,0.14458995093049964
CC_82C20057CB4A,0.08941389363589129
CC_82E52529A567,0.18233180042581937
CC_82EFBFCF68AB,0.1233685218204933
CC_83092F58B321,0.1220179034474258
CC_83098B4BBD4A,0.11963282768700825
CC_831F9E623C5F,0.16595355470580386
CC_8326C8A3D569,0.11759229484737896
CC_832730F42A18,0.11719118874688071
CC_832A44C3F2A0,0.060137585783333725
CC_832EBAE498AE,0.670115374886966
CC_833B196A70F3,0.6855591277586517
CC_833E14DFF4C6,0.1326881440801418
CC_834092035687,0.3738947156832257
CC_8351244DE3CB,0.05616654545657783
CC_835B90025058,0.048470072624202803
CC_836534CEDFD3,0.13893330705767282
CC_837ADC1EA55A,0.16035758328642294
CC_83884D799788,0.15744572449921856
CC_83947255841B,0.13724969658172684
CC_83A5A3022ADF,0.798065911096535
CC_83ABA98906DE,0.08769178594326085
CC_83C75D07414A,0.3946372635638743
CC_83CBA767432F,0.7592412755941798
CC_83D342F53F36,0.1510035896259587
CC_83D5CA2A23C2,0.055770962977834355
CC_83E002D6D82D,0.16757386026735097
CC_83FE1BCC83E6,0.35386439633414335
CC_840E5B830DB4,0.05167011714712555
CC_842525788FC1,0.17272831422706436
CC_843076C8EB9E,0.2619067349538892
CC_8442C97EE91A,0.11055331460348267
CC_844C3C30ED67,0.08977951746573377
CC_844E345D2636,0.13951194676113018
CC_844F26E92B12,0.20807139363912808
CC_845032D8A261,0.26297750090846794
CC_845223F606E2,0.2922745661853459
CC_846F5B19B110,0.3340708120212924
CC_84797EA9ABF9,0.21749636159197225
CC_848D59D48081,0.18023447204996057
CC_84AB057BFCCA,0.051360409189067646
CC_84B0BA112537,0.053761076957298606
CC_84B8FCEDADD5,0.07330961070191108
CC_84C61A6BE99D,0.0889181578788377
CC_84CDF830F68F,0.0842180282033771
CC_84D5B88572DC,0.21695025758671946
CC_84FABECED186,0.12032759373268831
CC_8503F43FB29C,0.20816976263659548
CC_850ACB004EE2,0.08004313638741965
CC_850B114489CE,0.0875064886321057
CC_850CC17BB13B,0.1223971270833422
CC_8518C159BDE6,0.1633154578081154
CC_85299261146C,0.09279558920524292
CC_853986C52A17,0.05121603333890057
CC_853ABBECF2E1,0.7942320808950644
CC_853BF4485D85,0.17779639817943654
CC_853EED03843B,0.07952899151860907
CC_853FD1B551B1,0.17262980740887882
CC_854AAA98CC0C,0.8009794781424933
CC_854F8AB5F1FE,0.037933832923956905
CC_855E2A785BAA,0.10124529355074974
CC_85614CA68432,0.06549805355215248
CC_856B92B23BB5,0.79374099209254
CC_856DF4A30E13,0.7193261929344662
CC_858704DBD5A6,0.06376612839941913
CC_859EF0AAA74A,0.04879614558946356
CC_859FB710961E,0.11684817101219211
CC_85A0EB3C9884,0.5856439921602921
CC_85C887BB996A,0.08439209498943348
CC_85D9A6C9CA60,0.11852062306394251
CC_85DAF10E61A1,0.5609368382249343
CC_85DEF8ECB524,0.12318034998898135
CC_85E2E0B8B15F,0.672168817763006
CC_85F018DC47FC,0.27312586082958074
CC_85F376B33951,0.18275562848529084
CC_85F745E1D307,0.15458360714700892
CC_85FAFB430486,0.24216355495879893
CC_860D4B868C17,0.026199971440106343
CC_8614E30C9FCE,0.4250057750888751
CC_861F5DC22035,0.051691634985784024
CC_8624ABB391B1,0.18794596503660013
CC_862BAB422756,0.3409128287688727
CC_8642F98E5504,0.20720505982593357
CC_8655B8862C81,0.11213526194748397
CC_865FCEE75A8E,0.03723157400867792
CC_867372811CCD,0.4809621323904921
CC_867695B5C296,0.5298646768035002
CC_8682B1F914ED,0.15794181102433952
CC_8691DF144B92,0.4926494428249032
CC_86AD259FA5B1,0.10937562166462217
CC_86AEC21936BB,0.7477189401351444
CC_86B1D15F8424,0.0596968183234773
CC_86C2A6EC5712,0.7178518016270267
CC_86CF816B494B,0.08087100209633453
CC_86D4D58B1D0C,0.16298558199259888
CC_86E2C4E17CB6,0.049766216847933704
CC_86E9E191E3CA,0.36623893758762427
CC_87000C16C856,0.10455087746311462
CC_8703DD5FA02C,0.15645464995999014
CC_87065B1F429D,0.11606910043020033
CC_87434BBA1CE7,0.04734664246257793
CC_87450EA8CD55,0.6841682797172358
CC_87480F785786,0.08332876814110281
CC_8777EA6EBFD4,0.05480729067866155
CC_877A35E76904,0.07684970655819887
CC_877B37D01563,0.11398856281147013
CC_879759A5EFB8,0.36103202905419507
CC_8798AF2651BC,0.12188155900498202
CC_879989FB3B92,0.5676122242114185
CC_87A3BECEE5A4,0.12538154036268417
CC_87B7CDF4BDDE,0.05312584417151687
CC_87C13E620006,0.223539901271374
CC_87E3AFB080F8,0.09973923070939195
CC_880044F77ACC,0.10174664733242408
CC_8809BCAC74A9,0.04604775401255549
CC_880E0019DB5D,0.034926131309452914
CC_880F027D886E,0.12080586053400895
CC_8812BC579F7D,0.08929939589759671
CC_88225FE57D82,0.22831516064864446
CC_88315318E9DA,0.35779178861145733
CC_883864E584A8,0.07609646526143082
CC_88469BAD58C4,0.053987899495424374
CC_8854EE679596,0.0623019510973528
CC_886273CC4072,0.06756436913534344
CC_8866B6D4524F,0.2765970135523446
CC_88A943606806,0.3291623251612592
CC_88E916A3F984,0.8884991547867866
CC_88FDC55C31A4,0.12722946118375097
CC_890D5EE59076,0.02883615466537726
CC_890F721517F2,0.09692150980470425
CC_89129D16418A,0.34195305856172814
CC_8917F02F9326,0.14011759578941274
CC_8920B6584A43,0.08065176863062867
CC_8929DF270419,0.7334813816630632
CC_892B119F0E5C,0.1680871739690704
CC_89302456B9D5,0.5954451904320779
CC_893FAA6D1F04,0.7557248337618075
CC_895AF697BFBB,0.24142339908783583
CC_8961FF892F79,0.03312063473881854
CC_897674493060,0.07887254903520946
CC_898AFCD28B03,0.11471041388377323
CC_898CC919D10F,0.18995609010592726
CC_89A711195EEB,0.17545543884614256
CC_89B4DF07DF12,0.0877111851380673
CC_89B941079E10,0.11638731850974951
CC_89B97E9FF67A,0.11283238558933795
CC_89C5162E8055,0.20191809800501576
CC_89CA0F1E2DBF,0.227388994957687
CC_89DEE29A78AA,0.10737108365237402
CC_89E089707730,0.15035665384769853
CC_89F0B865A6D4,0.1363042049026124
CC_8A04C5D4D02D,0.06428537105108827
CC_8A081AA1FB92,0.36458990686870174
CC_8A0C640E7A89,0.5549283462526009
CC_8A12B68246A6,0.04978375842072556
CC_8A14A46B280C,0.16204482453330638
CC_8A165A18560F,0.25053106690051674
CC_8A19196788FA,0.07043705501434486
CC_8A25FA445037,0.1001393363291773
CC_8A29EA87B295,0.13888482592445583
CC_8A2AC87CB22A,0.059307148057353154
CC_8A34634E7423,0.6004582362550025
CC_8A38BC1AFE57,0.08372734106916091
CC_8A4CAF0CD0F3,0.1052420005668917
CC_8A5A0429CAB0,0.13660157259153152
CC_8A6E60FAE870,0.08476007553420886
CC_8A7DA054E397,0.7092786503994357
CC_8A7F5FF4B421,0.21420749947450773
CC_8A8249A44847,0.1289176570641702
CC_8A8BCE16DF45,0.10884551577752033
CC_8A8EC764734B,0.06554860379976686
CC_8AB553BFA00A,0.11189698287467317
CC_8AB57DC077EE,0.6509047670727853
CC_8ABA5808D313,0.08058692436975519
CC_8ABDD9A05C87,0.3649194071203103
CC_8AC7520DBCCF,0.15924120582073056
CC_8AC7F8BABF28,0.0675597536804694
CC_8AD67FB3A5CC,0.7100555404204829
CC_8ADDCF5EDCC1,0.10830501338561895
CC_8AF1C3A0799E,0.7240602578864747
CC_8B388FAED0B6,0.11163429504955086
CC_8B46CA903D09,0.03349032194245238
CC_8B5819403FC8,0.7433164984875229
CC_8B581B8207A9,0.14749271936515568
CC_8B6DBEF19F46,0.17084354777450622
CC_8B8326C4C229,0.11964723325484403
CC_8B850FDCFC83,0.08224072294953205
CC_8B8F41F19B72,0.06585673516773832
CC_8BAF98C60957,0.10963871108916454
CC_8BB0824B181E,0.057688792645617624
CC_8BB963DAD9E2,0.1818418644844361
CC_8BBF5F939D7C,0.13037647754241732
CC_8BCBDCF4DFF1,0.08803560877978173
CC_8BCE343561CB,0.7299559787735029
CC_8BDA87361657,0.10904145905266822
CC_8BE68A4DB87C,0.06539557819458065
CC_8BE9BBD879A5,0.0417920324014755
CC_8BED85B91011,0.36462499346173805
CC_8BF68E552DA2,0.20018878352946656
CC_8BF832E6464E,0.8008013701461889
CC_8C1561920E84,0.22830329246811448
CC_8C2A7D9A667A,0.17977331989648127
CC_8C3A5DFE70B9,0.1632477315367055
CC_8C534CCBDA4C,0.20944640641616336
CC_8C6472A3EEAB,0.06821804103591193
CC_8C6B4854D16C,0.2018546312766623
CC_8C76DE4F58D4,0.06673325127077552
CC_8C7DA3F4F88F,0.08428151017447667
CC_8C8527DE7DD7,0.09600879908135024
CC_8C9416612FDE,0.4437887272853157
CC_8C9973F02AD6,0.36209487396134704
CC_8CA1DB61A2AC,0.06216886861227799
CC_8CA59CAE22F6,0.20756028597162002
CC_8CAFD04A6EDD,0.11711130214234658
CC_8CCCC389913B,0.6492789964798479
CC_8CCEF12DC7B9,0.18922021391625768
CC_8CDCD714BD1F,0.7992802405538202
CC_8CEC7987D1B1,0.08212845844024341
CC_8CF621ADAC0A,0.24076106694639787
CC_8CF8FE2A4B82,0.4443913219846746
CC_8D048396D9D5,0.11092520815598018
CC_8D1089C58563,0.5298821251728556
CC_8D35A37FC4B1,0.13068813442633723
CC_8D41E12FE5B6,0.16231948013167394
CC_8D4A859839EF,0.15375547907873063
CC_8D4AD431C55F,0.1104467396701806
CC_8D4D882CA579,0.10046091844403374
CC_8D6151025078,0.13642649934776416
CC_8D637233FE54,0.1484977045621483
CC_8D6AEBA2D7EC,0.10174731912309345
CC_8D6E16DED971,0.18738642207842293
CC_8D7329F79BBD,0.5310168447016843
CC_8D7B7307C43F,0.09568279524334625
CC_8D7B9D4936EC,0.7524269821680234
CC_8D80B1B44AE1,0.46778513496648466
CC_8D9516D61143,0.40337884131747703
CC_8DBB8445786A,0.08484572821335959
CC_8DC5B86D9DCC,0.7378356253480141
CC_8DC6465998DD,0.1901946942753633
CC_8DDD0EDA9CB2,0.1507322012729146
CC_8DDEF0265CB4,0.05984751515510453
CC_8DE06BEB95A1,0.09542672416467501
CC_8DEBB5B14A14,0.13584380407947372
CC_8DF5BE7F759C,0.0874801642086308
CC_8E0ADCC71F85,0.04386612924680733
CC_8E0BD86F6F0E,0.11725952665345377
CC_8E143BFCF3E5,0.11629691207153525
CC_8E170A60D71C,0.34633093513587776
CC_8E1C3A21FAEE,0.10461860545712098
CC_8E408E18F060,0.10845022189483161
CC_8E42FB163DA5,0.8135848200110528
CC_8E47536D29BE,0.26754311254394897
CC_8E50AFFC5BBD,0.0539552467955968
CC_8E5FB1035354,0.17559196253882386
CC_8E7B9B8DD1A3,0.10518563988096534
CC_8E85B08196AF,0.049455674351253726
CC_8E96FC75AE5A,0.08780739388603839
CC_8ECAB5A6C7B9,0.06525031006684648
CC_8ECC4C7A6638,0.528507046155713
CC_8ED6F13C35F5,0.16146894102777581
CC_8EE5E9467038,0.16170804120235116
CC_8F037E5AE692,0.06779907486604003
CC_8F1A418D96B3,0.270572570250989
CC_8F1C4014F91A,0.15056958886852617
CC_8F30A5FC9D49,0.10561551850935999
CC_8F3456F298F7,0.22860694089861477
CC_8F393D485C29,0.14748444740580358
CC_8F4A41130110,0.054477687332561905
CC_8F7AA6E4D486,0.15232385979048957
CC_8F887BE25314,0.15637655040941603
CC_8F90CD1A5E00,0.16761331541954172
CC_8F9B26042C4A,0.1216440808815359
CC_8FA9423E65C6,0.09889953194056453
CC_8FBA6C32E0A5,0.28262457878734004
CC_8FC1C50C41E7,0.08348537317187522
CC_8FD005425792,0.07509111808140052
CC_8FD6A223135B,0.12180042477154118
CC_9002450E1B5A,0.05210150342772463
CC_901CE62199C7,0.37395108835270663
CC_901D2136E1F9,0.14195799014985774
CC_902648F62345,0.15057860052230135
CC_902BF0612E70,0.13276473987961618
CC_9036F7423277,0.16915951994387357
CC_903AD2767BAE,0.6679284122246065
CC_903E4BA690FA,0.24039521586152848
CC_904386E31210,0.07455132166817657
CC_904EA6C846F8,0.4517935509726552
CC_90549DD3CC39,0.14568813950566326
CC_905739E5494F,0.08818033540278938
CC_906F852C69D6,0.6759023108119653
CC_907911F4930A,0.27098171543212723
CC_90798A7273BD,0.14200990877925915
CC_907F3A8AFCFB,0.08040896278251425
CC_907FA7722881,0.10497327465617616
CC_90812D9F30FE,0.09636480630955757
CC_90870A89F310,0.044665917605868063
CC_90894CA021C3,0.6630785483238091
CC_9092C5EBF5F6,0.05615309053511519
CC_90A10D649D9C,0.6009389087978657
CC_90BF8E127519,0.6242121447573415
CC_90DBB385A7F3,0.7110573401814193
CC_90EAD308012B,0.31297935953631506
CC_90F4BF0B868D,0.1068461516652217
CC_90FA39516EAF,0.08279669647122154
CC_9117894F31C2,0.1868003725866294
CC_911ED63BB556,0.3000351434006588
CC_912730AE6E8F,0.2963344945139011
CC_912CA7EE4C26,0.12445702969923708
CC_912DA46AAED2,0.10437816527287855
CC_9132E67EA479,0.14124493511612737
CC_913D95FB31E0,0.17306596449589334
CC_91529F20D461,0.8097804210966502
CC_91586318C780,0.04976907784279172
CC_915F2708219D,0.15523795177764296
CC_916CCF9CBC08,0.03512012734460136
CC_916CF77A29CC,0.08516472429463076
CC_9189E4FF82C5,0.11545056305274173
CC_91A27CB6139A,0.1580878044715593
CC_91B7A4A15A37,0.6228337960507832
CC_91C2077BA6D7,0.052529406404186574
CC_91C4CC43EEE5,0.14663168555285205
CC_91C55BE33AC7,0.060118495395463226
CC_91C81BC58B49,0.04570790874144802
CC_91DE12EE18A7,0.3779477178645421
CC_91DED13CDCD9,0.11958733799310346
CC_91EF639761F8,0.1580886593221355
CC_91F23A7E743A,0.3949794805300145
CC_91F4C5E889C7,0.751716134518961
CC_920E91EB28A7,0.18389273827016708
CC_921481F5F77E,0.11643021634130965
CC_92221DB27176,0.15702344884888603
CC_9224D5677C66,0.11154965670885442
CC_9230B9656F93,0.17534195045847062
CC_9231D0F8A993,0.7199353541571223
CC_923727159A8F,0.05731016577075834
CC_9248706729D9,0.05187385786877904
CC_924AEB5DD991,0.18075670931996324
CC_9250BA851692,0.3009765365736692
CC_925BACE3417D,0.10488042651129068
CC_9260CD0D7C0A,0.12218126292048555
CC_9285EB21B38A,0.10888003198765606
CC_92A09F03DAB5,0.8053812235949437
CC_92BC35D7F9CD,0.09850010593770542
CC_92C5FE9E5B12,0.6577722269984276
CC_92DC8CF8C902,0.08973534694702354
CC_92E006664648,0.23923341580951396
CC_92E4EFB9F0DD,0.1163765595841284
CC_92E621E0298E,0.1880247266139501
CC_92F412AC7D22,0.07577565536150088
CC_92F42886B7E4,0.16846922198559536
CC_9301E23D376D,0.6253756371414592
CC_931133320380,0.25000745174179323
CC_9314B6D8B7F2,0.07849088657063721
CC_9337E3B43211,0.18528151034924684
CC_933E044F26DB,0.07722137895533092
CC_934BB89938A3,0.11038071532400547
CC_935296A995DA,0.12741863046979707
CC_935326AF26E2,0.1771077937799132
CC_935B72B8E7F0,0.05975763653674286
CC_936FF3C9BE68,0.05034625790109752
CC_937FFE1718BC,0.0417704804604859
CC_939F92AEE460,0.8052384181757206
CC_93A4365B25CF,0.81984790982663
CC_93AB9D6A7EFA,0.08434594071031742
CC_93C719738590,0.8384878431893875
CC_93CB48930B37,0.13546749722122658
CC_93D24FAFD21D,0.09775486536210987
CC_93DB5F477493,0.10623804706840585
CC_93E1CAFAD44D,0.07422565818828794
CC_93EC9F853123,0.2281144691887979
CC_93FEAF515A8E,0.06323173454036757
CC_94063A67F136,0.3202757781087661
CC_9406E32819F5,0.0691669938946443
CC_940971CBC1A4,0.148777413913073
CC_940ADC8DEA3F,0.13779656326302492
CC_940C7E8E0C52,0.25086120567711256
CC_941DD2E1DE56,0.1390515473963219
CC_941FC1FD0D55,0.19850621443584365
CC_943B720DB5BB,0.10599281347405952
CC_9440309323A0,0.13168658632613398
CC_944B461BC558,0.07420167228692455
CC_9453654BACE9,0.19262236959369478
CC_945888CEAF10,0.32366563883716193
CC_9458D4A483A8,0.11449628390134106
CC_9464BA7E98B9,0.09799441793063379
CC_94794B478A5C,0.42191355236941075
CC_947E58EFF90A,0.05866372599253769
CC_948537FC17AA,0.7268146533173312
CC_949576D25153,0.07509776224968258
CC_949B8CEAD619,0.086627067695545
CC_94B4E05906A9,0.1573250786040831
CC_94C3B6F3B0CC,0.14759693222649992
CC_94C3D9D8FBF3,0.6258808736946915
CC_94CD530B2099,0.0896476102247922
CC_94E9D1E527E6,0.028286237663665642
CC_950450C0845E,0.40001332315013194
CC_95169A4360C6,0.05498388574395141
CC_951A69571676,0.06551988962769872
CC_95232636844F,0.19157921002873135
CC_953A5913EDD3,0.11955861724434322
CC_953B678083F9,0.10025980941230248
CC_9541BD0604B6,0.1294514569673965
CC_954404C1BEE6,0.3889550716839907
CC_95444ED71872,0.07463962942591806
CC_9544B86C78A6,0.7496208584019823
CC_954AD7E7C8F1,0.1644738485998468
CC_95525CC6C854,0.1537789639235334
CC_95573B318A91,0.043774922082963054
CC_9569309DC18E,0.07481259603795831
CC_956A2DF28600,0.20286067389121365
CC_957C7A0D7B72,0.27878497588266926
CC_958BECCA0BAB,0.41995140782888885
CC_95A6C4DA2F12,0.5730663469686752
CC_95AB75B5BBBB,0.15351606694883627
CC_95C1274DD7DF,0.04129100107408156
CC_95CD8F6A8CBA,0.044770969276682705
CC_95DD4DC604BD,0.17522970290713347
CC_95E1AC08266F,0.13022512072841902
CC_95E3DDCB74EF,0.05399516648195375
CC_9601384AC971,0.42753118257642136
CC_9608A73A8025,0.14393555985981227
CC_961F3BFBDDAC,0.8760436621886079
CC_96206C1277EB,0.2653749896224884
CC_96396AE6347C,0.21832359812316243
CC_96416D2A937F,0.22431576797982833
CC_964C2E0B00C1,0.21183989260420732
CC_9657A2A04BAF,0.2003189813574447
CC_9662D713B7BB,0.19208343817557444
CC_9664F83B7F1D,0.1974189121560876
CC_968AF836D0C4,0.06681661096858225
CC_96A6735A4317,0.06876477161439663
CC_96BC62A4A0AD,0.17694690193103907
CC_96CD75668A6C,0.08183865743298345
CC_96D928252719,0.3589215905956238
CC_96E40BDE9A6C,0.10482355517238545
CC_970116768415,0.22188570260388665
CC_970E94875C2B,0.7583885909986886
CC_9721C8A61D80,0.07340579185340965
CC_972313B0F814,0.1614311748778811
CC_972FD8FFFF63,0.5405955707636452
CC_97478A77EC17,0.20694486693549224
CC_974D14774BD8,0.05884453703562825
CC_974D86BD39FD,0.05039900373593664
CC_97508465AB76,0.11727780452685359
CC_975689C0CD6E,0.0675187080744248
CC_975967702106,0.04575862364158245
CC_975F3F07ED23,0.060853915522102446
CC_976E0D9A64ED,0.38742793088039496
CC_977145B2B363,0.3631717150902376
CC_9772CABFE1D2,0.796350448960424
CC_9773C1E6AC8B,0.6173289518211854
CC_97832657396B,0.43293073374895674
CC_97963C337FD3,0.47391864576174086
CC_97978B581F20,0.19327343610797673
CC_97A9ECF23955,0.1652144246687917
CC_97ACD6D965F3,0.09718339061074915
CC_97C69AF6E34B,0.7139733303496388
CC_97D0E7256861,0.6148561309252645
CC_97DEBFBE2BDE,0.3371445197607714
CC_97ED469F2950,0.1317692810725699
CC_97EE84ABA6BF,0.26089232369450427
CC_9801B22BF375,0.10875521525904637
CC_9803B6D4D780,0.2888396589219152
CC_980E90C8A301,0.10158313655635905
CC_9814B3D08A69,0.07278997906758723
CC_9821BD45BB0D,0.16606690247251948
CC_9829FA0350F7,0.0424228215547148
CC_982CAA309A38,0.16617424553417356
CC_98346EBF382E,0.19506449606486093
CC_986698CCC6AA,0.11276279199436286
CC_988FC580CD50,0.12352870043224791
CC_989795BA3DD2,0.08074047154499754
CC_9897A1DFE807,0.08049880624179298
CC_98A2C8F4E956,0.08767404544046269
CC_98A3E6CDC707,0.1318042389179204
CC_98CE15EE1565,0.08307179410545812
CC_98D036D16215,0.050313830480842626
CC_98D09B14EE3D,0.43244684837129777
CC_98DB782DF852,0.06404000450467796
CC_98E2EA67BC97,0.0769065076642234
CC_98E6E7CF74AF,0.0972728701014372
CC_98EEEB2A83DF,0.6738207044233446
CC_98F3D3194788,0.13453716792766582
CC_98F8A8CF4F9C,0.3321278277321594
CC_98F91BAB57EE,0.13966706688313044
CC_98FA377070FB,0.18313786344603938
CC_9900D0479959,0.2545356768342753
CC_99061A735C6D,0.22822987339880552
CC_99093EC1A2C2,0.1146856872347129
CC_99376CA4DC26,0.03761447042652673
CC_993A588895DA,0.13883744271257445
CC_993EE6417CED,0.09159612872100317
CC_99559319913F,0.04455997983562848
CC_9970123DCC41,0.3403887471263878
CC_998BB6848FDE,0.10717428563017331
CC_99958287B2A9,0.5210683044025693
CC_999BAB2D16FA,0.38293510629475314
CC_999C7029261D,0.5751524128082336
CC_99AA61D1896E,0.07990005509889078
CC_99C03E7D99CE,0.04809919104848465
CC_99C62022794F,0.10428845933683495
CC_99D46BE6593A,0.1554620125424238
CC_99D5A5371B39,0.15122912145079612
CC_99D79709AD9F,0.750517955177071
CC_99D7DDAA460A,0.14820503418019948
CC_99FC44B3C58A,0.11908611440558228
CC_9A02B2A17C07,0.09091455079356964
CC_9A05DE55D408,0.15302586742576815
CC_9A0C42AA09BD,0.42054155911080493
CC_9A2B390551F6,0.02879089598852642
CC_9A2D66206BD1,0.5113081551699212
CC_9A366E181FA0,0.14910468084373385
CC_9A39365FA850,0.648386903013596
CC_9A42833BA860,0.05085653908672991
CC_9A4911A0140F,0.09955192465750745
CC_9A4FE1E8E0C5,0.3768917282726947
CC_9A51017C734F,0.36601082931271145
CC_9A5DCCD62D0A,0.3491763324027849
CC_9A602F492510,0.1331467221840312
CC_9A66BDD34B89,0.04224033740081809
CC_9A6AB0AB1E67,0.05679339674725481
CC_9A7049ED5656,0.5782525059577575
CC_9A7AF31828E5,0.09999620351736457
CC_9AA750377C6F,0.10716811280376956
CC_9AB359C82202,0.049882391489130214
CC_9AB7BF77EE83,0.7641039900007286
CC_9ACAC8474B9F,0.029565575895335167
CC_9ACCA4FB9101,0.0629879214279587
CC_9AE1529AF9E0,0.14127673945206354
CC_9AEE181F1156,0.24140659697274736
CC_9AFD130D3725,0.10192727821150094
CC_9B09C3353732,0.07884647865044848
CC_9B0D37817EBB,0.10318450233048862
CC_9B290B59155F,0.3924568704051743
CC_9B2D487C64B0,0.0976077018413987
CC_9B3DEC76ABF7,0.05689349926792372
CC_9B4F778D0A6E,0.16020162357510145
CC_9B581A92C2A3,0.40433637857940763
CC_9B5CA8C38414,0.17595725312730312
CC_9B6E82167593,0.19577963170520385
CC_9B6F6B2BCC05,0.33143687920389486
CC_9B7FC3DA1594,0.3767241259162571
CC_9B957DC280F6,0.17595948654132743
CC_9B997DF20042,0.35362627025975246
CC_9B9BC4B83736,0.0937620982936782
CC_9BBE1A16C04A,0.12537603138977652
CC_9BC63F1A568C,0.267059271937255
CC_9BCB0166227D,0.26223618784788294
CC_9BD3DC96ACC5,0.13418424914366356
CC_9BDC5A0E43C7,0.4528668847275953
CC_9BF9485A3F9D,0.2688708147716154
CC_9BFE93FF2145,0.2600289513931122
CC_9C0470A0536E,0.18523543203724743
CC_9C205AF09E47,0.5425798092810168
CC_9C30DC5C1E46,0.07329640260896743
CC_9C325B6CAD11,0.05078476239225644
CC_9C4A200D0BFB,0.4158788408732829
CC_9C5EAF238007,0.2568409281543431
CC_9C601C6BBD37,0.07880072263374364
CC_9C606C2C92CC,0.06825275034257652
CC_9C6192D3A16B,0.05744957169046673
CC_9C84FB9B1469,0.06779056056687362
CC_9C989433D637,0.2264838388662135
CC_9C9B2FEB4937,0.15561232252584475
CC_9CA7FBE1DD54,0.12130049301562262
CC_9CACA50F80F2,0.17995694452622846
CC_9CB40D552388,0.06092039658224934
CC_9CB8127D17F0,0.043751371603398564
CC_9CB9CE2989CF,0.7226070606160273
CC_9CCE51CD83ED,0.8914124073759448
CC_9CDD2F3D0BE7,0.052869504916247034
CC_9CDEC693AA99,0.40078232960968896
CC_9CE9091AA9A9,0.22477376997201282
CC_9D007C60D29F,0.08113443138491881
CC_9D017774D4FC,0.6571141348281468
CC_9D095EC1F232,0.2609838916283275
CC_9D1A1281C8FB,0.3127610051655693
CC_9D23F42B7996,0.44432845422363354
CC_9D2FBC479646,0.6126389006961397
CC_9D363365CAFD,0.09725278254799376
CC_9D44E4543573,0.14565229382108608
CC_9D45F67E3B01,0.05933571076814528
CC_9D535DD207D2,0.07978737370216124
CC_9D53ED53A15A,0.5639112264928449
CC_9D5D97AEE98B,0.5516879775711443
CC_9D5F2A5B6913,0.06541262134530344
CC_9D6BC1C470B0,0.48503526664522106
CC_9D71FBDE765A,0.04797920278561037
CC_9D73939E357F,0.11656196205849184
CC_9D82F401BD88,0.597645836055255
CC_9D8B4454BE84,0.26723934530344423
CC_9D92537645DB,0.06049543385080611
CC_9D95ADE03ED1,0.20126097147480068
CC_9D98FE7A1809,0.04247688412503077
CC_9D9D59757786,0.06381628736488161
CC_9DAEB38616AC,0.1467742567021523
CC_9DD55CC0E928,0.02612752433381048
CC_9DD6B460CDFB,0.29249607578484527
CC_9DD80B5E3729,0.08700431574232305
CC_9DD82B4310AC,0.4190629209846487
CC_9DD9389E8AE0,0.10011759854055738
CC_9DDA8ACEB3D8,0.0909659536107782
CC_9DDCD898D01D,0.11448650797723066
CC_9DDD90B42A27,0.8275116959250378
CC_9DF1807A4316,0.04749700014619236
CC_9DF786FD2620,0.47356282123435367
CC_9DF7B9B3C8F8,0.08865087417137962
CC_9DFF6E2AC586,0.14448380302509653
CC_9E0546BD7BD6,0.12725751018329734
CC_9E0BE8227931,0.09052903376581078
CC_9E1A205BA261,0.4473028358306803
CC_9E2967559B00,0.06647015243206472
CC_9E323A031449,0.7153016409257769
CC_9E377CC03D51,0.0638118108853252
CC_9E3B83584C12,0.1837222994940886
CC_9E3D46FF5709,0.5470418387464936
CC_9E4FA91B86A9,0.06476324588488391
CC_9E53534DCD6B,0.1397537108498659
CC_9E73656FC8C0,0.6847064288015275
CC_9E7430675033,0.16566147142418886
CC_9E84CACDD7B6,0.4432709519221617
CC_9E84E0E4C5BE,0.3248871691844818
CC_9E9C65275B4C,0.08396246352025127
CC_9E9CB6473D59,0.20164848564845791
CC_9EA4F11BE6C2,0.14705250516877927
CC_9EBE3F26F2FB,0.0852551715433658
CC_9EC23AB6C573,0.3049054858702974
CC_9EC34DDD0E53,0.07396044832420781
CC_9ED8EDFE8C55,0.09386815581692384
CC_9EF352F179D2,0.054107702459384246
CC_9EF505400F8B,0.6446817156258937
CC_9EF66D83B743,0.35262148937930315
CC_9F051572BFE4,0.21663231483006637
CC_9F151A782BAC,0.23290616372224887
CC_9F1A5DF4619C,0.44605861671630537
CC_9F1BF78ECD7A,0.08885625678512463
CC_9F263092AD72,0.15968678605906772
CC_9F36EC36A9E6,0.0815779826843342
CC_9F3D52242888,0.1434622483719235
CC_9F41F312CDBB,0.3715838411978106
CC_9F425167F9ED,0.15839487571422223
CC_9F6981E0009A,0.2865402892555702
CC_9F706DFE0AE7,0.033974255388178165
CC_9F7B525DD52D,0.3509692586113985
CC_9F8D5A5A9DAC,0.1705062014914085
CC_9F8FAE57E6A8,0.11034269741300845
CC_9FD1AB8E65FE,0.048481816170942334
CC_9FD2689202D5,0.11909654145782958
CC_9FDBB5C2CD09,0.04364406375534303
CC_9FE52BD71CA2,0.09186398158533181
CC_9FE8E62EB24D,0.0878748119811178
CC_9FEA59AEA00C,0.22099118105323
CC_9FEA77B36A29,0.38448899140683973
CC_9FEE9701D16D,0.23297716218076864
CC_9FF35BA60E6E,0.2641322141202842
CC_A0003F08B22E,0.1577631334091822
CC_A00AE2543224,0.05360938543482268
CC_A02A29DECDC6,0.10258788598114794
CC_A0336C21117C,0.6628436545101182
CC_A053B42BBE0B,0.07235956263619366
CC_A0591F16FA37,0.03738208656223358
CC_A05F962C80FF,0.16457810513165072
CC_A07B0549E53F,0.06451325187440352
CC_A09F230CCF5D,0.6411990934718002
CC_A0AED6346ECD,0.1844838604215622
CC_A0C4A796643F,0.12399622089223415
CC_A0D6DDFB430F,0.07432728110153397
CC_A0DF672F9C4E,0.11893437052157077
CC_A0E8C7C5558A,0.30088592105651246
CC_A0E9269DF22C,0.5112397757492615
CC_A0F1DB5CB28C,0.09910207962395165
CC_A0F42B26F8F0,0.057219665979805365
CC_A0F8F80EDFB0,0.07312317648626723
CC_A10AD9550E4D,0.039458001201873885
CC_A10EB26E5EE1,0.16154033095006595
CC_A111B065F623,0.0634048328717352
CC_A113D95B4AB2,0.1606071255011871
CC_A1320C0F0129,0.7741854594390469
CC_A1348D850EFD,0.7144309020316587
CC_A13D08B372E8,0.06401741111257636
CC_A143E64BD9D6,0.30745412099488845
CC_A14B0A24DC3C,0.10834241408543455
CC_A15137F25F7C,0.07623736119795912
CC_A152DBEC5BE7,0.058764231590101426
CC_A1591CFF6D81,0.0534957645390998
CC_A168CCB582C6,0.3478895698902785
CC_A17DC38133CE,0.7639322271405844
CC_A185D5EA3DE8,0.626171785314595
CC_A19C842508E0,0.11406929079580537
CC_A1B648DA406D,0.03747330325894946
CC_A1BF7028CAA8,0.024895130682160854
CC_A1D035FA36E1,0.08519212166274129
CC_A1DD653D41A7,0.09449383018596838
CC_A1E3AD4B934C,0.27197918386536
CC_A1E58421CE87,0.06601747630155905
CC_A219144EDEFE,0.059332540080675816
CC_A21FCEEBB3C3,0.44264784790844697
CC_A220E4278D79,0.0531279568017928
CC_A2231BDC961C,0.23290768990551966
CC_A234E219EFC7,0.32214912191259965
CC_A239B1BD81FF,0.06703445683601207
CC_A23D8CFFA31F,0.08538367564664656
CC_A23F463F4B4D,0.053902713408966865
CC_A23FFDC4A7A4,0.0919543278804566
CC_A2423E273F84,0.1010766296876541
CC_A2493E6036AD,0.2992695452409505
CC_A25C54470CED,0.09794444178758424
CC_A25FA690BBBC,0.1254128708368881
CC_A2636CF7C075,0.12314311574111761
CC_A26C22870E3D,0.45268778510028196
CC_A26F6A272B3F,0.13609066054743607
CC_A27CDC9BCBAA,0.1823295993995839
CC_A27E5269DA60,0.17612281860585036
CC_A28D4A46B6FA,0.11284229142691998
CC_A28EB319030E,0.060702021541703004
CC_A294D3A59462,0.767759179904216
CC_A29D8034C304,0.06652375793408608
CC_A2A109409963,0.05823131497190594
CC_A2A4FA5F9962,0.11099663029334753
CC_A2A7E30C59D0,0.15120519509317898
CC_A2B5D2D4E269,0.5445193642672934
CC_A2BB24180208,0.28249614502851583
CC_A2CF1DFEFE46,0.4777379130839605
CC_A2D6090EA5B8,0.141862673650984
CC_A300BC40BC9D,0.05054074417426835
CC_A3212501F639,0.19326312268697193
CC_A3278A566572,0.06453285517180504
CC_A327EBE4F783,0.1755380299039323
CC_A32FB6659B01,0.07900679452646509
CC_A33915EE72B6,0.12462909053264846
CC_A33D350BE79E,0.16640045656902214
CC_A3553B8AA8F6,0.10260508617004342
CC_A36EB077BF3C,0.034793778599623806
CC_A3753EB66DEC,0.12671930209285617
CC_A378342AC9BB,0.17539384232649022
CC_A379E9455C60,0.16582630592667233
CC_A387ADBD7249,0.09554322264437423
CC_A39E961FC29F,0.14752720413620973
CC_A39FA1EF0B16,0.2909279627004499
CC_A3A4E39FB04D,0.1341026668338389
CC_A3A751BE68D2,0.045788611148910516
CC_A3ABB3C5E9D5,0.6275177663263591
CC_A3AF9C2C68F1,0.18634999789412876
CC_A3BEA14873AD,0.13363648966303174
CC_A3C2FEE13C37,0.1310269007353328
CC_A3D6435D5F17,0.1941482822648543
CC_A3E3E51AD0E7,0.045895476387434096
CC_A40566694D53,0.2305627530684198
CC_A410C0DC7125,0.04696703979635937
CC_A42168D2B94B,0.09165796466350437
CC_A43CED9AFEF5,0.4347547426206333
CC_A4475A788D13,0.11555203239758635
CC_A44D677C0C07,0.0548570774647265
CC_A44E2673E71E,0.048634925658615
CC_A44E79A96425,0.3116893955519303
CC_A462CA147DB9,0.12844248949061537
CC_A4660E424386,0.21667493342841276
CC_A476C9F116F6,0.16078753327737114
CC_A47C83B6EE2B,0.10487675838928576
CC_A47F8594678C,0.23355594058895834
CC_A48A7592F96A,0.054461390691147804
CC_A49195E659EE,0.06772952313811689
CC_A498A936AD21,0.09105628264633664
CC_A4BE6692361C,0.600338313457283
CC_A4BF2115580C,0.08108775900996502
CC_A4CACCD14A0E,0.10636693798541373
CC_A4CE57A1AB74,0.09229514752251955
CC_A4DE4F1B5F93,0.15270818386084067
CC_A4E300558DAB,0.059647160144267554
CC_A4E972915D89,0.7652046646503381
CC_A4EEA04CF3D0,0.1942648043804224
CC_A4F400E9A0ED,0.05978632247246909
CC_A4F550D7F95B,0.19877872536818647
CC_A4FB91B1BF31,0.18540118538897082
CC_A500C1ED0A33,0.20974527979108276
CC_A50471962A96,0.7542400532106928
CC_A5161D8AA57D,0.11825411929093152
CC_A519C84307D2,0.11189001382806768
CC_A5277A9BE02B,0.6580625071928767
CC_A53578FCEA71,0.1152490128405392
CC_A54EAD1CCE27,0.14150043518961777
CC_A5512DA239BF,0.14922209416000456
CC_A5545DF298BE,0.0695725350852191
CC_A556EEF3010C,0.46856861416837675
CC_A56756C65136,0.353810844199539
CC_A5852E06D2D5,0.2785102170467208
CC_A5886994671C,0.15285974669601404
CC_A594D8B41A99,0.07235732065904538
CC_A59C6A6B71C3,0.08060881671132275
CC_A5A06987AF5C,0.18012733369784834
CC_A5A1512FEEFD,0.1676300623140788
CC_A5ACE4284283,0.1633595438402797
CC_A5B10F07BCD5,0.09550480878178007
CC_A5BC9ACDB4CD,0.0733851066230816
CC_A5BF8B260922,0.44055579442089954
CC_A5C52379AE06,0.26397414326008317
CC_A5DD4441568D,0.03639295550727993
CC_A5FE3BE2949D,0.04762383109323696
CC_A60EF94F09C4,0.31976666719379065
CC_A628BE74CB45,0.1292331762710447
CC_A6292E9B43AD,0.07216357581808526
CC_A638610BF8F8,0.117600422036408
CC_A63BBA86CE9A,0.26799379871308704
CC_A63BDDAC43CB,0.070981986947784
CC_A6409E37A735,0.152650675444911
CC_A655EC341406,0.14823819510258016
CC_A6562E47BFC7,0.17452726897148726
CC_A6563A22D668,0.6461530851644042
CC_A6601278C1BD,0.09389854138762008
CC_A683678AC9FC,0.3490770295295256
CC_A6864FE80A94,0.09786900421571137
CC_A69117CC3C24,0.14176362049722618
CC_A69928C7D217,0.16032782462141987
CC_A6A8BAF7124A,0.25589591142616475
CC_A6B7DFC69AAE,0.5686336535967735
CC_A6BB595B55AA,0.088309750882304
CC_A6C5284C4586,0.10997980653800073
CC_A6CB0D0191D3,0.10310844590773627
CC_A6FA3FA9F0FB,0.12443181955621559
CC_A6FDADD23BD7,0.04202063760943835
CC_A6FE3938F001,0.18592856379130576
CC_A71DB65F0BBA,0.645487713205102
CC_A730F4964FD4,0.11379032278777532
CC_A73C02C58DDA,0.13821274603834433
CC_A746BC2289C7,0.3013749520460445
CC_A766C3608214,0.11131477127426923
CC_A76F48111A8D,0.11859401761405419
CC_A77AEC8AD2D1,0.02687128251535369
CC_A781174166B3,0.18867661093168558
CC_A79024286DFF,0.06101347486469787
CC_A792720B875E,0.09434208376636827
CC_A7952C2BC5B6,0.07698253744315439
CC_A7954EE1A1C4,0.06416085255286669
CC_A7991E6B3CAD,0.19550483205534191
CC_A7B141DF4AAF,0.07344177587742595
CC_A7BE2CED0B93,0.047908600084851406
CC_A7CF446093DD,0.2411136064492755
CC_A7D1C6692090,0.08750112379485504
CC_A7D6CAB54328,0.4567682368968522
CC_A7D8D1DA4EA6,0.11881754632775951
CC_A8102BA6933F,0.059673472725761845
CC_A81C1EDC5FE0,0.08557519032421658
CC_A82C0FDDC303,0.2728431784499518
CC_A83F92C0CABC,0.13032381632793408
CC_A849B0F60EEC,0.05784887976549091
CC_A852AAB180D7,0.047446326820032234
CC_A8536626873D,0.1834323675361828
CC_A85F953FFD40,0.2831854688932035
CC_A865A3F1E28A,0.7013112208226767
CC_A867253FC73C,0.6135852779346006
CC_A877592FE1AF,0.058495302706968955
CC_A8AE26057851,0.17918125870976948
CC_A8D50530622B,0.14265608396679808
CC_A8D5C834B061,0.7819751371467343
CC_A8DF49EED27D,0.7899669313124357
CC_A8FB53A944AA,0.0868001285292134
CC_A8FF19BCFB18,0.16993617230947816
CC_A9042AA97760,0.05751244153055116
CC_A917D68B7F33,0.061014838999032
CC_A925B3023F01,0.14050261992425436
CC_A93A49678A0E,0.7027235825792884
CC_A944C14551E0,0.11223108919956701
CC_A949A4D6CFDF,0.03384936947513063
CC_A96085AAACBB,0.4751212370927236
CC_A968E7B519AC,0.5711083694303766
CC_A96F61DA3920,0.2579457411069703
CC_A98AA461487F,0.06882308927587938
CC_A98DE37F48B1,0.03961540374485946
CC_A99526CAE7B8,0.09778635129501574
CC_A9997F50D935,0.11016383557102354
CC_A99C3B09B728,0.061611159695500156
CC_A9A0DADE60F5,0.3272795505816984
CC_A9E27E0F8BF7,0.10830547226731135
CC_AA06B8C44B08,0.5557816225681449
CC_AA078692F54D,0.062479475685943635
CC_AA3181148667,0.10952585937570804
CC_AA36C8AD0AD4,0.11665201014610202
CC_AA36F0397FF6,0.08561146787943459
CC_AA3A8989A632,0.6757442208804473
CC_AA4A1B7522D9,0.10143296624348833
CC_AA4AE0378324,0.20298527419947504
CC_AA5E4D5A692F,0.1446100025327355
CC_AA68EABEE4B1,0.08515710954464384
CC_AA6B5A7A5B67,0.11852113431629585
CC_AA6BD423C239,0.4353879041646075
CC_AA7074B42A4C,0.49527412810903937
CC_AA7A7F3159DC,0.10357464454339071
CC_AA7BDEB972E4,0.11238705693618939
CC_AA83426311A1,0.0760845656898683
CC_AA8F7D307212,0.15425892925664833
CC_AA994120654B,0.071507149596638
CC_AA99CC1D0A77,0.09364461686099759
CC_AA9DF917E958,0.1484869865236007
CC_AA9FC6678135,0.3115404928130585
CC_AAA47EC0D4CE,0.06974651333936824
CC_AAD9F600283C,0.1315680975132321
CC_AADF003A3927,0.06641592113345592
CC_AAECFE806C8D,0.20191545634979052
CC_AAF2022B9CD1,0.21290889496269025
CC_AAF445E4CCF4,0.05971146206600478
CC_AAFDCAA5CA06,0.6088280556073586
CC_AB0384E131D8,0.18296025826954793
CC_AB0A4F4A2968,0.21013463505197613
CC_AB108580856A,0.07913872080265678
CC_AB10FED15FC0,0.8194564113137741
CC_AB176233A184,0.0741918785435091
CC_AB250982887C,0.08491991985070362
CC_AB25C565EA6F,0.07227868857713207
CC_AB31BDAE74E0,0.1926500299494565
CC_AB38A76F5698,0.3909935030697867
CC_AB38F588BDD4,0.1680402094964012
CC_AB3DB55C9A2E,0.14815233483784718
CC_AB42A7DA8FAE,0.15187211571171164
CC_AB486E8855F7,0.11743043847975237
CC_AB4A79BF0F21,0.03936744810778717
CC_AB7472FE1C8B,0.05949852280254096
CC_AB78F64D1DA0,0.15044922112445103
CC_AB821E2FB031,0.054045384269211905
CC_AB873276D910,0.06041627332853306
CC_AB8CF3C05B61,0.11365183436287796
CC_AB8DD8448ABE,0.34828401021704947
CC_AB953366A38C,0.12390211656916444
CC_ABB193697B23,0.5529458838485989
CC_ABB3F0A040BD,0.12581529174382836
CC_ABB618AD3E52,0.2190278313963024
CC_ABC0DA7DAFA5,0.04053104350368939
CC_ABC49E43DF40,0.5880642602044792
CC_ABD89F61734F,0.11899514184472305
CC_ABE04CDC2866,0.5756133995177497
CC_ABE98746DB91,0.5102008672198324
CC_ABFDF22BBD97,0.06737053722995805
CC_AC0498A54CAD,0.1747967221354774
CC_AC1C23EA2767,0.30669944181369324
CC_AC1E028B2A1A,0.10188467818083619
CC_AC255B902EEB,0.14019024457675275
CC_AC44A88F7869,0.08229406467107521
CC_AC51CBCACA63,0.12351116109973449
CC_AC723E5F5EFA,0.04377391643162535
CC_AC7994A5FDC4,0.11839109772636669
CC_AC7EFDBCF2E8,0.6565649498898455
CC_AC8A45716CD8,0.1405182927685661
CC_AC8FB78319A0,0.04147136861926554
CC_AC95C517E726,0.06502084664173771
CC_ACA4C6C9316D,0.044130398765950804
CC_ACAD97A186F4,0.07715477141742405
CC_ACC12168D6A9,0.16107383635754435
CC_ACC53294D3A0,0.09651679018879081
CC_ACC6A74A8BEC,0.07929747149016929
CC_ACD94D2B1200,0.05528792063126014
CC_ACD988315902,0.040921304919212295
CC_ACDA59536C9B,0.07178519779856271
CC_ACE5A4081F6E,0.15692577224919999
CC_ACF4F9A2CCFC,0.1800383852132903
CC_AD0D7D212968,0.3089690782892659
CC_AD131D09EB0F,0.11540138433491424
CC_AD13C87CF26E,0.18324421849729533
CC_AD2050A0C79D,0.19977673202032972
CC_AD276D71D3A7,0.30028704466916545
CC_AD2C54521FE4,0.2400249587529559
CC_AD2E59624FEC,0.38060610224906954
CC_AD3A36AF2840,0.23097086695881217
CC_AD3D286D0B68,0.19589260351177074
CC_AD46818E459F,0.6109126246398785
CC_AD4BB2E22EA9,0.18208861954444763
CC_AD4F7F88242F,0.38844173209840316
CC_AD58ADCD54CE,0.6522514725676042
CC_AD71619FA389,0.1296102797810849
CC_AD84592B950B,0.07413201747155973
CC_AD9898C0E8D2,0.14948286718707504
CC_ADC70A21D661,0.2839247056356733
CC_ADCF16189AF2,0.2229031542861288
CC_ADD894E6E4F4,0.333256931865461
CC_ADE899835555,0.13902725968988824
CC_AE0D73A1EE19,0.3645665327454122
CC_AE0F08EA3935,0.2154908013411224
CC_AE23B59E6FC8,0.31396465998924555
CC_AE289E013D60,0.10989611389292828
CC_AE34D3F7F224,0.8034533662578769
CC_AE4069D8B4F6,0.18177065139987766
CC_AE4896E2BE76,0.7616891140944037
CC_AE51DCFE0671,0.06600412553634438
CC_AE69FEA8DA68,0.16549149849394623
CC_AE7C129CC90F,0.15434162781126914
CC_AE7CD49F20AB,0.1656530260609542
CC_AE89526E0335,0.11660310035001507
CC_AE8D62CF30C0,0.1087845565962173
CC_AE8D9CE8D6FE,0.04392363068607076
CC_AEB019CB9065,0.17401482557209846
CC_AED1D50AF584,0.1148936022689463
CC_AEE546316FB0,0.22286349392490037
CC_AEE5FA00FA6C,0.3728038212424212
CC_AEEC765D157B,0.04261849335761089
CC_AEEE44D6C8A4,0.028425294226289994
CC_AF14FF3EF570,0.333757566638469
CC_AF1C3ACBA6B2,0.12873116539039567
CC_AF1E911C98B6,0.2994932253611171
CC_AF337F410520,0.1017760104224095
CC_AF3C7BC3BA40,0.11525116968871424
CC_AF41E4075C87,0.2203677662058809
CC_AF6B4405276D,0.7015987307641666
CC_AF78FE0BDBEE,0.08534861071448126
CC_AF8238D9082F,0.054438232763624264
CC_AF8CA6EE53C3,0.06309167019177282
CC_AF9AFA7C49A8,0.11225965191387538
CC_AFA1E3D3C685,0.16435160449198252
CC_AFA680030CB4,0.5990334368613717
CC_AFB351270B8B,0.043157345279577604
CC_AFC405AE0029,0.06580089034132147
CC_AFF90422E4FC,0.3879606307207244
CC_AFFBE2744B87,0.7919922023102094
CC_B0043CA53FCE,0.09503998343902746
CC_B01B2BD4EFD7,0.20819136779095157
CC_B01E87EB9940,0.12637918396269412
CC_B0273E66E2A5,0.1642970898670286
CC_B03E98085A9F,0.06063753841500826
CC_B0420D8C42DC,0.46186381524667525
CC_B0497BEB9F6B,0.15409709629620416
CC_B04A5E60B69D,0.06485436237743547
CC_B04D5517A193,0.12875728271978387
CC_B05FF3A960A0,0.24977400210576572
CC_B06A532EC131,0.2365029557575588
CC_B06D33A6761F,0.12684468075314284
CC_B074D4472CE4,0.045218415341531024
CC_B07CE95BCD88,0.27571561162941755
CC_B07D79368225,0.11104472605540419
CC_B07DD1ABABCE,0.7417520571404276
CC_B086C2D77820,0.1550488365570713
CC_B088DE9C9E3B,0.2266003806911181
CC_B0CD7932067B,0.11700025022383193
CC_B0CF90073A5E,0.6192656073277353
CC_B0D397D86639,0.576038863392722
CC_B0EF4FD19FEA,0.09308459691199272
CC_B0F2F9514AA3,0.09210422307849718
CC_B0F3B79F51C8,0.16782392246307942
CC_B0F4041B1C76,0.03851182211679604
CC_B10FE31C61D5,0.12219122117863422
CC_B114E8F19D65,0.15381634844871986
CC_B117F0E3CAAE,0.1491986209888608
CC_B11D58F331A9,0.04974744153235733
CC_B1262188BC41,0.10746647792389478
CC_B12FFB2FF21F,0.09809897226375716
CC_B13253F34A9F,0.04016529910381457
CC_B137E2BBB53B,0.09524217032989422
CC_B13FEA7CDB99,0.08075530142083101
CC_B1481ED21111,0.046013437876022203
CC_B15BE5C9976A,0.23958149653915026
CC_B15EB6933578,0.07551342385495571
CC_B163CCB3BE4D,0.1652253842336942
CC_B16DC354FD71,0.4046402874189041
CC_B1777349EB15,0.1568490244599241
CC_B17C6CE0231F,0.26017691552346556
CC_B17CA8C22E5C,0.130733134866237
CC_B18F3C9C30E4,0.14182132574826942
CC_B19CD93DDC96,0.06831601355030052
CC_B1A647674B84,0.10618082810572255
CC_B1AEC2E5E33B,0.2537081804479864
CC_B1B5C81AC0A6,0.07383475126039002
CC_B1B932EFD646,0.13220987993906727
CC_B1C3C0B52B88,0.27706709118036976
CC_B1C7216344F3,0.08300310309143974
CC_B1C982DBBD12,0.2886537097630383
CC_B1D81F8197B3,0.3216084477678452
CC_B1DF1DCBDC7E,0.5324325088320718
CC_B1E2C36607CB,0.06713451589602769
CC_B21351C93D8C,0.14971303393480442
CC_B2174860AB11,0.7011857970440042
CC_B235818E6A04,0.20032374008088494
CC_B23CDE30F00B,0.07533566547202265
CC_B23DE4971DF0,0.4329653080133961
CC_B23ECF574D8E,0.08531425639963325
CC_B24C41DDFBDA,0.2018423934404813
CC_B25EC73B9510,0.14012846558610798
CC_B25F69904D0F,0.10736827619103056
CC_B25FB6C11D05,0.6397366746244146
CC_B264F2B92259,0.5492132855740963
CC_B26B8FC23F1B,0.06333709436810338
CC_B272E29922B5,0.14715028908795033
CC_B27AA8E27BE7,0.12556499388671474
CC_B2A68FD3C236,0.1002834921194059
CC_B2AC50C00979,0.09852325915001128
CC_B2B16D7B821C,0.1728890758651613
CC_B2B32F1511E4,0.13794171120518084
CC_B2C241A93527,0.07398571982579304
CC_B2CB104FED6B,0.5847690527984355
CC_B2D352013F92,0.11401403556633188
CC_B2DF694BAB08,0.10603114324562718
CC_B2E993A9343F,0.16803792381659854
CC_B2EF61C93AB6,0.14218096818219114
CC_B2F94405EA89,0.12764514324466766
CC_B2FC07BF6251,0.06356506205980265
CC_B301A65B4164,0.11503412807383932
CC_B313E3A208A2,0.14457998582723505
CC_B318FF5D976D,0.11380923212546765
CC_B32AEF0A2299,0.05739997837755797
CC_B33BD3C618EA,0.08644517579603324
CC_B348627365A2,0.123664730235169
CC_B35109450BDD,0.03898940954757384
CC_B3528B870544,0.10888346205375449
CC_B3530E7CF8F5,0.13199250951547287
CC_B35C5B1DB9C1,0.07356371640555846
CC_B35FF59389D4,0.18240155035351424
CC_B3812C6700F2,0.6542259253293898
CC_B38280B483B8,0.11025453607278196
CC_B38B694A18EF,0.4854072104701177
CC_B392BDECD913,0.3217216424143592
CC_B398DF1ABAD4,0.04664491445845205
CC_B39E75E151A1,0.11027455162128
CC_B39FD0E249E8,0.052523614112029215
CC_B3AA0891CA5E,0.4173394770006524
CC_B3B1C8EBE5C1,0.13186529415512677
CC_B3BBA28E2D39,0.4678943795490954
CC_B3C4DB0303A7,0.11271599101992555
CC_B3D32FE823B2,0.038500133326521885
CC_B3DA429C6C8F,0.09531845408847163
CC_B3DC5786AB0F,0.2069050038789348
CC_B3EA537531A3,0.16611192980130177
CC_B4096D3A38CE,0.0513888462428438
CC_B41EADCCC95F,0.07004123610936289
CC_B421940B9A48,0.6214673320403152
CC_B42B3B83935C,0.8657954490375414
CC_B436B1CA6B2F,0.05311812096666203
CC_B439B06AF274,0.25948008937905587
CC_B4482E7879F4,0.07479203404251915
CC_B4660022C612,0.11097603172263469
CC_B46B899B4A63,0.11253241612694573
CC_B470280A580D,0.12860576188415704
CC_B471D3BF0C72,0.5418133097341684
CC_B4751DEE43CD,0.15772038260209684
CC_B482C254BAA5,0.05865208476422804
CC_B4889D036D3C,0.7663675874310083
CC_B4950F811C90,0.15565103154428153
CC_B49A6DE7A340,0.32515567574261
CC_B49CD4C13DE8,0.336338523436583
CC_B4A90370CA96,0.5253396353142642
CC_B4ADE6BC8A10,0.6692829985094905
CC_B4B6F805888C,0.0431123774430694
CC_B4B8F66BF4ED,0.6173635568786161
CC_B4C6F80DEE44,0.047930606949178334
CC_B4CCE78C09EE,0.1453469276774638
CC_B4D68D1C1C55,0.1912327828622635
CC_B4DAED63089A,0.1398850347436434
CC_B4DD9841E6FD,0.19489093351321635
CC_B4EF6743DDCF,0.06587938045634895
CC_B4F67F73D097,0.09900352031021778
CC_B50EB15EBA18,0.09218217692936781
CC_B51DCAAF4549,0.15650442883162824
CC_B51DFF8702D0,0.5185624948708359
CC_B520A001BF69,0.10766755575023015
CC_B529919BF24E,0.5888691711478837
CC_B542342650A1,0.07425372348004158
CC_B54A106E91E4,0.049708860909081214
CC_B54CFFC21F2B,0.11873713320461032
CC_B55C134C04A5,0.22108550323025467
CC_B55C2DBF6D3C,0.21612109912236468
CC_B569705352B4,0.11393709955207124
CC_B56E74A967C3,0.04704719556519215
CC_B57519F33EEF,0.04558468657459824
CC_B582E4405D85,0.07637730565661037
CC_B585A11F7BA7,0.13694954433542617
CC_B59726D36AEF,0.20561291106734125
CC_B5995E4F1A21,0.13248302734869832
CC_B5AC2AAF871B,0.7701336254303133
CC_B5AD19125E1B,0.21333505969239552
CC_B5B1E42858AC,0.07426482003106116
CC_B5B7599E8BC6,0.07637984666336184
CC_B5CAE0595637,0.17200703510093776
CC_B5D49843A799,0.340681358101804
CC_B5DDFC7AEE78,0.10711816447746814
CC_B5E29344F63C,0.2018682964944356
CC_B5EE5AE6378A,0.508538062996607
CC_B5F2A93AD996,0.08496380635916141
CC_B5F611613A78,0.07003528596119232
CC_B6055039255A,0.7784493622527049
CC_B607B2B0AFB7,0.05119655611206502
CC_B60CFD0F39F9,0.08514373098948835
CC_B620087B1C52,0.36270445309486976
CC_B6203BBBD151,0.11522866126507686
CC_B622662E664A,0.15792968193747609
CC_B62C9A2BC846,0.1592222903139973
CC_B636210548E5,0.27812060020124374
CC_B642C6714501,0.07462739198622077
CC_B64F81B8A263,0.14804477476102654
CC_B65CA581B9BD,0.1337500638390326
CC_B65D1B9B6F67,0.11325530990049151
CC_B661A8FCA431,0.04348603229069424
CC_B66AC40957D6,0.1565274879615459
CC_B672B35D1162,0.7614982248175066
CC_B68379D197F6,0.10163215762353715
CC_B6923D10FDA2,0.15089893227385753
CC_B69CC776BBE6,0.26186624715283996
CC_B69E50D76B29,0.10015549243721442
CC_B69EAA8C296F,0.2495291205791062
CC_B69F7CB8CDA0,0.10076361349189938
CC_B6B4AD157354,0.14534181007508484
CC_B6BD764CB8B9,0.21006002597663165
CC_B6BEC3F4BE91,0.12462533171121115
CC_B6C13F4A610D,0.3054025963598373
CC_B6C1C3B5766B,0.10426135093761846
CC_B6C72241926C,0.15650902681670337
CC_B6CB40E245D7,0.5927934850750889
CC_B6EE58A108C5,0.06441003333327083
CC_B706F631F5BA,0.03933411185703319
CC_B71DC1206985,0.1690039072652352
CC_B72284CED807,0.19269715235517948
CC_B727865A5B5F,0.587914444055743
CC_B72FD7EFA6BD,0.20511551193785935
CC_B7365B5A3392,0.7611246434135289
CC_B73820D308C9,0.11062764152511233
CC_B743560D847F,0.0839006947977897
CC_B76EF26F7C9A,0.349112520375737
CC_B7764FC130E8,0.5153742143302247
CC_B77B73B95532,0.14128586602768187
CC_B77D6653C7D4,0.04443076151318373
CC_B77DA6B77DEB,0.2410604092173821
CC_B783AE19622D,0.1842736173318799
CC_B78761738CAF,0.02723592024119562
CC_B787BA135B5D,0.3689521235063741
CC_B78B4449EA19,0.1444376168809401
CC_B78B4B7F80B5,0.20941741276582934
CC_B78BEE888CA6,0.08616172868241206
CC_B791FEE1CF37,0.03331642666916085
CC_B79A58AA4441,0.11400663135891723
CC_B79BEC538198,0.12224565690787045
CC_B79DD53178D3,0.09419993313126869
CC_B7A7EFD85149,0.2107746424027075
CC_B7B5F2A15C41,0.11167109223248887
CC_B7BC46A7D4DF,0.07794646383283585
CC_B7CBC65D9AF9,0.6283826497657731
CC_B7D40C5C891F,0.0854772997198839
CC_B7D4337C4797,0.3038310195345038
CC_B7DA04826165,0.31063741972677944
CC_B7DC19DA1440,0.14974641691542306
CC_B829EC622F0D,0.569363132125422
CC_B82B9C0C7B85,0.6242676055969796
CC_B82C55DEE5E6,0.2701811243366169
CC_B8475B977AD2,0.6959841819658414
CC_B84BD2F4EB01,0.2554597323514743
CC_B86DA7D69F20,0.04742080090961409
CC_B87989F406EB,0.18576431750767355
CC_B88B702183E7,0.03505973229795059
CC_B89B80945ADE,0.1636463447255416
CC_B8A3A44BFE8A,0.458058933210555
CC_B8A7A6548AE6,0.17901665106781986
CC_B8A8FB83065B,0.217772035670212
CC_B8AAC20D626E,0.19256963714639097
CC_B8AC99873641,0.06551197122874007
CC_B8C9673B7834,0.11862755498740767
CC_B8D5FEB15CC8,0.07115392527899989
CC_B8DA64A33076,0.5820000907191721
CC_B8E912A01706,0.6771788104059902
CC_B90869280808,0.16292281714190573
CC_B908EC99951B,0.2731712986566468
CC_B90CBF2A6775,0.06235302979868896
CC_B91080C1ADA5,0.3331569374029171
CC_B918FB42AFD2,0.20215549435333985
CC_B92CA425080F,0.1301570083636391
CC_B937F632B71D,0.17525354059343345
CC_B94477C20476,0.385428307629748
CC_B9483A5C922C,0.13133071961940693
CC_B954EC1C63B5,0.34617312373973325
CC_B95580F93537,0.06840993449926933
CC_B96086044329,0.08865341413426774
CC_B96EB0A91589,0.14487807228845467
CC_B98357C70A41,0.6664459779343632
CC_B9929A66C2FD,0.6583211105455464
CC_B9BB52E4C529,0.07760835073585753
CC_B9BD45744855,0.7860010756048815
CC_B9BFDE4662AE,0.09820065539784406
CC_B9CEAF324145,0.038341230721501945
CC_B9E89F42B509,0.19890789902283157
CC_B9E8A3887223,0.23183525549041606
CC_B9FC67268C45,0.1972372341360227
CC_B9FE9DFEB3DC,0.11397372922396837
CC_BA041E14DD98,0.07950840290330866
CC_BA0619F54427,0.1142388820176414
CC_BA15072C4EC2,0.17070393389239802
CC_BA183CDC5429,0.880397299588731
CC_BA43646012D2,0.3740407576524982
CC_BA4F7E494E71,0.5028025197667753
CC_BA557F75E2DD,0.1942354899384146
CC_BA740903CBDF,0.10051490988664291
CC_BA77722A827A,0.5327106827814851
CC_BA78E47BB021,0.1965948061445219
CC_BA8C427054F4,0.04566197938891438
CC_BAA19F8D2563,0.086108898308862
CC_BAA1BBFF8C6C,0.2707716416711965
CC_BABA44B5FB12,0.09631531995552581
CC_BAC25BCCEAD2,0.07378155284976802
CC_BAC74D0014D3,0.46481710692142264
CC_BAD99E36CC71,0.21063087953951715
CC_BADE7EB1D16D,0.7331239735213446
CC_BAE7410803AC,0.1849747780032103
CC_BAEBBF8054FB,0.15820429258945834
CC_BB054686B6F2,0.047833520079101084
CC_BB05D9DF72BD,0.05730451857102194
CC_BB0D54068D07,0.8299393021413808
CC_BB15DE5E0DA0,0.7346591514888439
CC_BB1A57AA813F,0.13215095109495958
CC_BB1CABE261EB,0.15348316223764238
CC_BB2BC46FCF61,0.24066285881032976
CC_BB2E5437EE04,0.048022491785056055
CC_BB2EF1FF6131,0.08385068681559033
CC_BB2F56C6BF57,0.10760253365001392
CC_BB35CEC5314E,0.09703512689110708
CC_BB39E3597B61,0.049511780911897285
CC_BB3A9EECD51E,0.10253392100112639
CC_BB44CDEE5103,0.21101344757629897
CC_BB458116ABA4,0.35066364472761774
CC_BB5F6936F6FE,0.17459459711159223
CC_BB666F8A551E,0.06974555200484919
CC_BB7355E735D2,0.09924847616636567
CC_BB8A2F186D6A,0.048088463621760974
CC_BB9FDED12C65,0.7140347330031716
CC_BBA8C316C8F8,0.0710143052667751
CC_BBADC7DC73EA,0.2187557569280157
CC_BBAEA7980B09,0.4334337313386213
CC_BBBA078A6429,0.7918182288528346
CC_BBBFC3EC2C72,0.41908305307612803
CC_BBD34B3225EE,0.029094018767244042
CC_BBE6C58C59A4,0.4401133737195034
CC_BBEBBE1E226D,0.12163469073039462
CC_BBED56D34D38,0.12121223396027148
CC_BC0244FBDAF6,0.17809029827011455
CC_BC099E880236,0.13031686573314005
CC_BC0F05C89E25,0.1066223709171174
CC_BC1BD06C1085,0.10231048420935825
CC_BC21E8824A34,0.43574407809769067
CC_BC23655B2BF4,0.053001181199547075
CC_BC24F9024F49,0.059165103487788695
CC_BC2A58939715,0.09362656476518436
CC_BC2B90F226E0,0.18193409080302092
CC_BC31382964E4,0.06577355384641569
CC_BC31DA3EAFFF,0.14797931332585945
CC_BC3A6CF6FD16,0.12644572188919356
CC_BC410BDD9ED8,0.2568275958853086
CC_BC458960887E,0.13873087404226173
CC_BC484C329704,0.14098481019186757
CC_BC4D6D6D4553,0.38012708725431166
CC_BC5A59D88AFC,0.12152316561496743
CC_BC736DA19A00,0.165997951658477
CC_BC7B9D13978F,0.17936670377972436
CC_BC84BF34D69E,0.297644536624301
CC_BC95D473C9CE,0.16079019985896517
CC_BC96FC9DCFE7,0.11170495682670499
CC_BCA0D6159C23,0.19515668719859647
CC_BCAE73132BA2,0.09088450308383147
CC_BCBBF055366F,0.047316629263313
CC_BCC94F494979,0.07736255875225029
CC_BCF75F8B9A5D,0.11561953561615915
CC_BD10F4F15094,0.10939235353570739
CC_BD1A2052ACD5,0.8118228707169048
CC_BD217C39702F,0.3468964099662344
CC_BD2A9D4B9FAA,0.2182267275291185
CC_BD3EDD1630E8,0.0535000468219142
CC_BD4AAFE9EFEE,0.060643609010897506
CC_BD59D1252975,0.1076979183313668
CC_BD607BE97C17,0.09374516753420745
CC_BD889F165227,0.10468573500491637
CC_BD900B6BCF65,0.14350055388184713
CC_BD9967660461,0.4455275997154434
CC_BDABB99ADE2A,0.18203217419182335
CC_BDB07C66EDBD,0.4079752982255408
CC_BDB71DAAE50B,0.0899356638987773
CC_BDCB91FACECF,0.14915041636197435
CC_BDE1E398B4E4,0.06952435616206205
CC_BDE8D325637B,0.7181126180788627
CC_BDE9E7F390AE,0.10081884037363933
CC_BDECF392D7F9,0.14725863008064013
CC_BDF401C3BBCA,0.12114561782830305
CC_BDF53C42C5BC,0.19356701977260782
CC_BDFE5778530F,0.36758883360472233
CC_BE05EB5976EC,0.7861345468748568
CC_BE08A6D5E76D,0.03910162739296914
CC_BE146CE5BEE6,0.14875292305350524
CC_BE24C1EE877A,0.12839075988037452
CC_BE27E98C4BED,0.07746876953235762
CC_BE32DACBF6C2,0.10957598159079332
CC_BE3F52F9C9EA,0.13228907490006625
CC_BE3FC1024389,0.1547114577088114
CC_BE4595898BF9,0.11608822537791257
CC_BE4F1F53F4B6,0.0913988078039785
CC_BE648663620C,0.18958123429854046
CC_BE6627F3B9EE,0.622234085916489
CC_BE673F70B591,0.3272340581580441
CC_BE704640727F,0.03522817602245381
CC_BE7295B354DA,0.3624432530645928
CC_BE760A430ACD,0.1618139239996782
CC_BE8A340F3876,0.050982673936388084
CC_BE9CB8845101,0.21114325403689158
CC_BEA12286E57C,0.13407758106530732
CC_BEB24EB997CA,0.1355239991027593
CC_BEB80CCF2ED0,0.042807010797154744
CC_BEB86014B5BF,0.1780294195055197
CC_BEC035C8801A,0.16053184805454043
CC_BEE1B858F0C3,0.2903403478235558
CC_BEE664893442,0.1555232643923794
CC_BEE75A33F038,0.06340510228611991
CC_BEF22728402F,0.6636765659844509
CC_BEF8AB2DF19D,0.3599470632644748
CC_BF03683CC755,0.10987538477314673
CC_BF066CB8F7A0,0.1613845736802591
CC_BF154A9FEE8D,0.1428323659448888
CC_BF17E635C67F,0.11648939134701211
CC_BF196AFA6AE6,0.15422753800084266
CC_BF2012FCFE14,0.212304087495996
CC_BF3733356D4B,0.44050490953295074
CC_BF376C8D14ED,0.460058548216198
CC_BF3BF8B9F646,0.09955341808803468
CC_BF588A5FF18D,0.6605970523950254
CC_BF7C643B8874,0.05597397613422092
CC_BF8919F14394,0.15211500842938802
CC_BF8B759EE1EF,0.09119246496888286
CC_BF971FA7A950,0.1649567726976642
CC_BFACE960372A,0.10523967091427286
CC_BFBF917EFEB7,0.6502423395153899
CC_BFCAE2959708,0.04887903979596511
CC_BFD80ECB739A,0.2105545456617338
CC_BFDEC7E68821,0.06277502886034528
CC_BFE3AD881F4C,0.05094566304848169
CC_BFE511C0F9F3,0.5745070040935156
CC_BFEE9CF8A6E9,0.06518643166461408
CC_BFF8E82FE4BE,0.16098961075993637
CC_BFF9E8C0FE28,0.6397642218466826
CC_BFFCB2882E26,0.050103168015967064
CC_BFFDCACC1E4F,0.10899954916446267
CC_C003A15648F3,0.10324215844540892
CC_C004160ABB18,0.14475336859410917
CC_C012746F45D6,0.10541724700507259
CC_C033B4EC89DA,0.11100921702148897
CC_C03578357D0D,0.3539339766361528
CC_C040C14F27A0,0.0637512834300213
CC_C0474C48C443,0.12714277477507208
CC_C04A1EF46A13,0.22913513903902769
CC_C067DA2C5F99,0.4046947049087975
CC_C0731DB0CD7F,0.6265791795619529
CC_C07C70AA1AF0,0.11775666921073778
CC_C0877F4DBC62,0.10500125234054834
CC_C0896CE6B4E2,0.06714950301793143
CC_C089B0517E81,0.0942272141725448
CC_C08B9066A5BB,0.11864736386735575
CC_C08DFB22BC71,0.10206448302246215
CC_C0A2108BEC82,0.20772976078289948
CC_C0A6B0787F91,0.11067374529234973
CC_C0B29B279C90,0.12036761056689077
CC_C0B7151247C2,0.09566028129031148
CC_C0BEDCC974E6,0.12654776087834738
CC_C0C6F913C2CB,0.6913891636922842
CC_C0C7EAB055B1,0.18784997544249793
CC_C0CCCF588BEB,0.28866937206723
CC_C0D65A1BC1DF,0.696945186504905
CC_C0D6ADDF1E0F,0.07509537114851328
CC_C0E49708EB44,0.18397198716708124
CC_C0F32BA57D17,0.04840039335756052
CC_C1094828B26C,0.3052281792516862
CC_C124E4C094F3,0.25428555054976854
CC_C12ECF48FA03,0.14017229530696987
CC_C12F5F7E5C54,0.10655203791037954
CC_C131509731A1,0.21506057887616573
CC_C14173B64C58,0.1975041413474869
CC_C14A4D39F494,0.4157711481449151
CC_C14DC9106B7E,0.23130119118774578
CC_C1624A910E58,0.03442292271488238
CC_C1645FA6EE7C,0.08026486347314529
CC_C165A26E7C1D,0.7158482954393826
CC_C16824A69631,0.06571282771486649
CC_C177831DEDC2,0.06739395311831414
CC_C1815DD481ED,0.7744671435493566
CC_C18313F97FC1,0.28345182160635785
CC_C18A7BC23071,0.24201317302509784
CC_C1941883C762,0.11978872789287587
CC_C1A0989CDF23,0.03177606547535328
CC_C1A8C99D910A,0.1363987464847195
CC_C1B057BAE0BB,0.32753513029858927
CC_C1B5D9A95708,0.09234704153512287
CC_C1C28181E30E,0.10759150746344803
CC_C1E8CA45E983,0.10227641948868937
CC_C1F4DD05F5FB,0.23121144877150412
CC_C205BAC0D181,0.07705869699846385
CC_C208790016F7,0.0755433815139228
CC_C219E603FD0B,0.07948564000408108
CC_C2323893E922,0.13255358048217308
CC_C236A614F73D,0.11482143328432406
CC_C241491551A8,0.09978001819051065
CC_C247E0377048,0.10430940941846943
CC_C24FBA584039,0.2447103936413937
CC_C25078D044CC,0.2062595943141758
CC_C255BE787955,0.21672073905038242
CC_C25ECB5C5FD8,0.08596857442320431
CC_C276E722FB1B,0.32705699572392144
CC_C279090E1F74,0.7852790583220046
CC_C279CA96D14A,0.10889136255075363
CC_C283330B9999,0.044092113416989
CC_C289AF57EB24,0.23815286453295062
CC_C29558864857,0.1262480147637369
CC_C29846DE78AC,0.6432364172677709
CC_C2AEE09D92AD,0.10314528554346426
CC_C2BBFB603032,0.37882667068790216
CC_C2C2B2EEBA69,0.043472964704319036
CC_C2D1CBB42952,0.14810157778803218
CC_C2D4587A871F,0.7215005148376262
CC_C2D583F20739,0.3555481078894924
CC_C2D9086A8C67,0.05560798688531941
CC_C2E8FA308586,0.16036780829638664
CC_C2EA104630E3,0.10864972609495581
CC_C30ED2C6265A,0.049772142871482586
CC_C31BA9FD4FFF,0.2832727185636999
CC_C31DC3117984,0.17455073236595206
CC_C33142B2E26E,0.40655657213763974
CC_C340668CE604,0.0822983451039863
CC_C36580241000,0.1325112715148325
CC_C3664AFC710F,0.1116245472793087
CC_C3676D2ADC91,0.2069878689978938
CC_C368AC6AE19C,0.041974783554681885
CC_C38B446B7432,0.17966365369074078
CC_C38BE6D69E61,0.05038417703083772
CC_C38FB634E7B9,0.0706925107702829
CC_C3913A125FC9,0.14422387847144014
CC_C392AC1AABDB,0.1332138267426845
CC_C3A37C3EDCC5,0.33220318393197273
CC_C3A42A96D260,0.24250958690074484
CC_C3CA355F78BC,0.11444410743140435
CC_C3CD972B25E9,0.15888624848493615
CC_C3CE9FCB05EA,0.05409382442203947
CC_C3DA12B31CD5,0.0804680288058113
CC_C3EF46D2CF29,0.17179318486970446
CC_C3F301EAE202,0.2419323588610938
CC_C404C200B723,0.09175594841955932
CC_C40BEE2EAD73,0.2334733247354207
CC_C40CA3E960D9,0.13749138754149223
CC_C40E0EEBA53A,0.1254773206226678
CC_C42183D7A586,0.0953946665610104
CC_C427199DAC5F,0.4717078613005336
CC_C445AEF194CA,0.09604720238855724
CC_C45051D20EC8,0.12506901127688386
CC_C47FCA703A69,0.2769942123078551
CC_C4965C6C6935,0.2941321182628685
CC_C498BD798847,0.060086989794533946
CC_C49A42D1C3CA,0.0828108420297558
CC_C4A2F5B06976,0.06382538709359696
CC_C4B632AEB96F,0.15541014492607236
CC_C4D194378554,0.03675497847758844
CC_C4D90E9CA5E9,0.12403141399605885
CC_C4D941D5A5F9,0.14707610892630224
CC_C4EB2486A9B1,0.18468298396474858
CC_C4EC2923D96F,0.3018158942293119
CC_C4EC9ACAE8C4,0.7928087769131135
CC_C4FB2ECB13DD,0.21291271875010015
CC_C50467EBCC58,0.10876966601220955
CC_C50C5E2A77CA,0.13444830574092329
CC_C50D7FAA75C1,0.04477049113041536
CC_C51FE3F4D2F3,0.16736901254099334
CC_C5234F4713B7,0.0791446029682169
CC_C55110310E14,0.10202772704503782
CC_C563D509181A,0.07908309512164519
CC_C5736F4887D6,0.7603524634407925
CC_C57C4F09442B,0.08769114041578945
CC_C59D2CA55CAD,0.8144206675921902
CC_C5AD04ABF022,0.10568904720012862
CC_C5AF7BF4B951,0.039882688764609146
CC_C5C5FD9FCFE4,0.6641058497311194
CC_C5D9A89022EF,0.20837903805747793
CC_C5E1FA10BD6B,0.1625024924483484
CC_C6039EF0459B,0.14637467428985868
CC_C6133F44EB0E,0.09633544541654968
CC_C637C1142503,0.7766079212421504
CC_C65496C86EAE,0.16462152336194652
CC_C67C2B86A807,0.13390746508547008
CC_C690CF8AF3B4,0.10448801533873012
CC_C69204FFED48,0.33571380446684684
CC_C69DD80E5055,0.10177923694616806
CC_C6AE389CA79C,0.07192755622863876
CC_C6AFA8AF33BB,0.09357381185138305
CC_C6B56B2869A6,0.3925871845213307
CC_C6B61E03B42D,0.1833755928439567
CC_C6C2B357FDF2,0.10263253191278375
CC_C6C4A4A318E4,0.11569869710148153
CC_C6DECDCC7956,0.17243616301782147
CC_C6F134ABD932,0.42954430716755876
CC_C6F24128D8D3,0.1597989580784472
CC_C6F8C5E3D746,0.12029351229225942
CC_C6FB2BDCC78F,0.41161414596643675
CC_C70DBEB08378,0.8497597043464533
CC_C71AAC6F9607,0.11737901627051367
CC_C73D1C53BEC0,0.336192645540851
CC_C7423B380FD2,0.069361834203227
CC_C747ABF2B4BC,0.08311137813610371
CC_C74F0C45C093,0.1274596717223817
CC_C75307665BCF,0.23020037546958783
CC_C76473DBFF83,0.3373964301421213
CC_C7652C2D1CC7,0.22346419585028165
CC_C77B38900325,0.2250795199240337
CC_C782A94E6754,0.04834704729637555
CC_C786E0FDA098,0.7193474705941623
CC_C794632B3AAC,0.4053925840080389
CC_C795250A7B3F,0.10149543867475494
CC_C79BF5794AD9,0.06632936176277844
CC_C7A2A7BF85C5,0.07702296082777942
CC_C7A2CEDA36CD,0.4586863109679404
CC_C7AAAC514CD0,0.10480286111986763
CC_C7B39AE8206F,0.1245212060184645
CC_C7BA884F8DCA,0.1345817634648822
CC_C7BC592C11DB,0.054507393565602545
CC_C7CB29EBCEE1,0.0518903240804484
CC_C7D2BE35C77A,0.06513893571199995
CC_C7E56C7FFA19,0.18617952365962614
CC_C7ED63E403A8,0.08316384348348453
CC_C7EFF4BBEE1E,0.07960610605210246
CC_C7F1C90A261F,0.1491271606397851
CC_C7F38C2DEDFF,0.19460157096287614
CC_C807F881A35F,0.25013814522942507
CC_C808346EF2A7,0.0516889190027896
CC_C822401D05A0,0.13206740757598487
CC_C82D0EB32984,0.12331671910850783
CC_C82DE4520088,0.19242409385803244
CC_C84080607284,0.06867774907279202
CC_C85DEB66D6EC,0.2707131951909556
CC_C8601860B3AB,0.30080511285261
CC_C86B56E5B000,0.11115643679219822
CC_C874E7D8B96A,0.07168942597614698
CC_C88F02C38654,0.1454771704101389
CC_C895990DF270,0.13486263475517107
CC_C896D6E93110,0.37719838748455453
CC_C8A57920FB6B,0.107554986188035
CC_C8C2CEAC6750,0.47635243993344534
CC_C8CBB38CF4B6,0.4299371255532194
CC_C8DF2AEC8023,0.14825628947083022
CC_C8E24B1925A2,0.17349850353152535
CC_C8E2F0CA5050,0.6811567338486058
CC_C8E875AAFD58,0.30709317839948447
CC_C8EF7366016A,0.061323733605321555
CC_C8F1FB9C56E5,0.09287686609546023
CC_C8F2FF7E6DAF,0.12929036121898002
CC_C916DC82A00B,0.33021613945938455
CC_C91FF308D57A,0.07008915703009116
CC_C9297D88CD26,0.35380371415035905
CC_C932D885E1AA,0.2087697781956182
CC_C947A66A6A34,0.1659513490292301
CC_C953D19C82A6,0.256186321479467
CC_C960365C1125,0.2081963220053443
CC_C96221203852,0.19579937912712259
CC_C967937FC81A,0.6974818320063461
CC_C97434767545,0.22564213065511707
CC_C974620D4D4F,0.33177159969859515
CC_C9749B07E3CC,0.12228161214881053
CC_C979F86EC4EB,0.06859803971977352
CC_C9882357496D,0.07717326623491891
CC_C98B5F2B994A,0.08334464114797197
CC_C98CA453DC7F,0.11581173223092604
CC_C996515164AF,0.6076486591868082
CC_C9A1B8F512F3,0.4703043458631777
CC_C9E008678B77,0.10388056278246252
CC_C9E89E3728DA,0.16525308822659868
CC_C9EE0357CF4D,0.15086532682063417
CC_C9F15C15BA6A,0.12833661587728507
CC_C9F3BB887EB9,0.20206867910311366
CC_CA0906B9B58E,0.06976044880147313
CC_CA16B9133E4F,0.3313332199197772
CC_CA2524A5C7AF,0.2778700174805109
CC_CA2A17C9CD44,0.45528507022690234
CC_CA32C61E255B,0.09281358172166311
CC_CA37F92A8BC6,0.1461999625999874
CC_CA3C9D0F42A2,0.5872121089808602
CC_CA4669FF2379,0.10449892232802366
CC_CA486E08F176,0.06928097290222701
CC_CA5CF069C36C,0.06039531486877628
CC_CA6AB58D2C8D,0.28040598629985525
CC_CA6EDCBFA9E3,0.1754960299460901
CC_CA6FB58C11F4,0.0764400650397688
CC_CA7902338F91,0.14446093023375503
CC_CA7BE11DCB92,0.12350291010529396
CC_CA87A148C386,0.0793621553916239
CC_CA8E7E45347C,0.16317912865234863
CC_CA9214D0E170,0.15129449392226096
CC_CAA07EABEF71,0.06415684787796744
CC_CABC0190A9BF,0.48378370279550087
CC_CABF171B8582,0.5461534580476461
CC_CAC2F989A2D6,0.24258621814365294
CC_CAC50FF13A43,0.5176713612692472
CC_CAC9C52B6FB8,0.2940256098204473
CC_CAE19DE8446F,0.0719708682729413
CC_CAE5F6D8328C,0.4095688805600135
CC_CAFA0C6DBCEB,0.07364898847533638
CC_CAFE5D6E3E1D,0.10899372240489746
CC_CB02A97FAC1F,0.21951977503988532
CC_CB1155AAC7EB,0.12710537059085242
CC_CB1B2FC5769C,0.1656968596648245
CC_CB1BD3C19303,0.17951700595122697
CC_CB2423DD4809,0.8232639627144052
CC_CB33381406F3,0.6717372084405958
CC_CB3CBA971E97,0.07345939300512742
CC_CB45CB5C940D,0.16939649071083163
CC_CB4A2667F8CE,0.19544503804893001
CC_CB4EA92BE238,0.06857189684319759
CC_CB4EE5CC0B09,0.16898489208223688
CC_CB50BDD92A4D,0.22271360315903144
CC_CB6A55831080,0.08108889159142346
CC_CB6CE149111A,0.144563528078323
CC_CB6F9DA78019,0.041354189391757445
CC_CB722FAA608D,0.22554101366388035
CC_CBA786C05C1C,0.8216266984765586
CC_CBA9A6206DCB,0.14735149992643679
CC_CBB7AE2847B6,0.19358631029637358
CC_CBB9DDEAC819,0.034231297308430594
CC_CBC30D127BA4,0.09640034016797328
CC_CBE67EF0D3C5,0.4735132238071884
CC_CBEC318365B3,0.3522145133531456
CC_CBED6669EDA7,0.0517431835190621
CC_CBF1B052FA7E,0.0923688364816655
CC_CBFC7EFF2F94,0.11523680210549793
CC_CC27394B5E35,0.09495196746779544
CC_CC2A7B3D7A55,0.14303620874241227
CC_CC34B2523794,0.14039001254354172
CC_CC34E9023873,0.7015907317296752
CC_CC37D81F02A7,0.6168461339758818
CC_CC4822AEDB83,0.6641729792226669
CC_CC5D6CAE5ADB,0.20692370157579842
CC_CC6D27804EF0,0.0892756018209002
CC_CC71D4876B90,0.13421406153088447
CC_CC75EA7F2C8F,0.1332332777251152
CC_CC9214A5C0CF,0.08440962241872586
CC_CCA2B8D2446C,0.41619078512696484
CC_CCAB3E56FD92,0.15860539816417601
CC_CCAF321D46D7,0.03986400276882938
CC_CCB46EA56584,0.2056044826182839
CC_CCB60CB8754C,0.13105262310358098
CC_CCD759553325,0.05939665778360402
CC_CCDC28D49832,0.15311709226262302
CC_CCE55029E621,0.649205133822464
CC_CCEA133D7268,0.617334883410122
CC_CCED6CEBC3D6,0.33682318961097096
CC_CCEE76415B51,0.30962232819958285
CC_CD1326D52AE1,0.6444577915133411
CC_CD35EEA81CE8,0.3533136523486201
CC_CD373485942B,0.09176992042154815
CC_CD379DD39658,0.33626330377828656
CC_CD37D5CF0EB0,0.17612263033835862
CC_CD380545A7A4,0.05586882454001005
CC_CD3A378249BA,0.271663901826328
CC_CD415B1C7741,0.04911524428484787
CC_CD4976814F28,0.047722008638273306
CC_CD4F5F1C357B,0.20901944610116774
CC_CD54829713AF,0.07865587079425036
CC_CD5E3556D5AB,0.15310607170840776
CC_CD6C797F3C4F,0.08765853800865328
CC_CD7BA8F6C4BD,0.09570818310461576
CC_CD8352F0478D,0.21603503708527655
CC_CD972E578564,0.8088145262577853
CC_CDA1B20179B6,0.12485229663587295
CC_CDA2A36B81B4,0.23956214809139753
CC_CDF6354EC332,0.05534661101082082
CC_CE01E17132E0,0.045163239702693606
CC_CE1280B30475,0.14356228422137574
CC_CE134F878294,0.09141993247901169
CC_CE229894AC00,0.123254182707751
CC_CE26907B9D30,0.4415505078923719
CC_CE2755B42DAC,0.08542059785512378
CC_CE2BD7F74421,0.27530380072478816
CC_CE3784121355,0.10809344261969966
CC_CE41F9FF509E,0.17351486590098025
CC_CE5AF0E9A157,0.05676279636302418
CC_CE5EA019DCAA,0.08624239527328027
CC_CE6460FE39F6,0.1316182751166478
CC_CE72D1734761,0.6101646001876835
CC_CE7FC560768D,0.37597913355708074
CC_CE871DB3950F,0.33056680346632283
CC_CE8D1564C4F1,0.12758353343548057
CC_CE93240526A9,0.25768375567630714
CC_CE980FCAB154,0.3007973966459866
CC_CEA0FAD348F8,0.075233561494567
CC_CEA369A3451F,0.06721263219302556
CC_CEBA67081418,0.2432056328912321
CC_CEC0C00FE770,0.5221923928873615
CC_CEC3B21D2982,0.3883922857515224
CC_CECEC680F701,0.17065277998699063
CC_CEDB263DB07B,0.04072443503261672
CC_CEDF9C14DC79,0.28849203441811117
CC_CEF23255BE06,0.06608188260108323
CC_CEF8C71C4E8B,0.48021776572441166
CC_CEF91FDD41AE,0.41675710390838394
CC_CF0B68684C3D,0.09919512327567474
CC_CF149865368F,0.09696317879017574
CC_CF2A7A5582C2,0.17805303182056886
CC_CF2B3E37CF2E,0.3558545249859257
CC_CF2F163CE005,0.194439939600848
CC_CF3C063DF626,0.14170964129095992
CC_CF3E91DB8220,0.32524393105704075
CC_CF3FB5744443,0.7363289556840313
CC_CF4991B8EFE9,0.11923369336562813
CC_CF53FD3AC9AD,0.039940701550916294
CC_CF5A140B279D,0.1633098505027598
CC_CF613A7162B6,0.11939688579429007
CC_CF6A8A460B19,0.10132032056700366
CC_CF792E77A16D,0.053632883899814555
CC_CF7BAF373E0A,0.03797418116039331
CC_CF8B1D0015C4,0.14434202080811012
CC_CF8D0517B79F,0.07513618051987209
CC_CF92037ACA93,0.18135983632791275
CC_CF960A300F40,0.3472846998930319
CC_CF96B6335E6C,0.1734913148420736
CC_CF9880D67A7D,0.17309478553157237
CC_CF9B249283A7,0.7215311360732467
CC_CFABF7407978,0.21713529072163995
CC_CFB2AE99EABF,0.166047358122152
CC_CFC0BC440771,0.12937491072167306
CC_CFC235739F25,0.5384649922406388
CC_CFC6E8954325,0.07557240235156187
CC_CFD37EDB214D,0.21674846638853942
CC_CFD93C04478A,0.5723083648859204
CC_CFE0AA5381FD,0.6891914077521603
CC_CFEB021AA137,0.05961712721711527
CC_CFF6E2A6A3F9,0.24429749443021495
CC_CFFDC4947256,0.14320773674778847
CC_D009368CE434,0.044895722098355274
CC_D02E59E08B02,0.04178727911849715
CC_D03848B7353E,0.06289397316026574
CC_D03A69B1563D,0.1450435132533692
CC_D0576802096E,0.08531895837490569
CC_D0582E0F3440,0.05049112550641029
CC_D059D0BEC5D5,0.36200987264588946
CC_D05C4A8F2A25,0.13027623087931306
CC_D05FBA9B9040,0.669571363374162
CC_D0653EA71CAD,0.1876467267238905
CC_D076A984B786,0.1410504729269106
CC_D08FC2D99CF5,0.2014193118672873
CC_D09942A02904,0.11312982450429594
CC_D0A8EA2D37F2,0.12802658526346003
CC_D0AAD35C800F,0.12415405543102953
CC_D0D666EC0244,0.11475341622850148
CC_D0F3F68F4452,0.5480559319173952
CC_D0FBDE8ABAA7,0.11567955076726888
CC_D103D50237D9,0.22577196779968461
CC_D11E5A30CF3B,0.25237500291683285
CC_D122B30AE7CB,0.505894012220175
CC_D1679B40D83A,0.11373049350581434
CC_D1760785D631,0.23436727071654126
CC_D18088587757,0.2339022091757734
CC_D184160042B7,0.3118564026951275
CC_D1886485E8B4,0.12162105246833813
CC_D1893DD5B4D4,0.07402721037724955
CC_D18B60E035CE,0.8028530023795466
CC_D191D099789D,0.07673967060914318
CC_D1BDB41E7FF6,0.07117569721708554
CC_D1BE2E6E9C9F,0.14439852958600013
CC_D1BFB29BF61C,0.09801109768126108
CC_D1C259F80E13,0.09860306934759411
CC_D1C63DA9CA93,0.12386770454264678
CC_D1C931E4F305,0.07829546095412526
CC_D1CE25F271BE,0.12308217590965523
CC_D1D2127A0C67,0.05547681494015906
CC_D1D31EA359F4,0.13899412078692142
CC_D1DB888BD9B0,0.12444011015554934
CC_D1E82B9DD102,0.17585724457864432
CC_D1EF68A649AA,0.12352953502383485
CC_D1F05E69F80F,0.06397216988284565
CC_D1F6FE158DCF,0.23699494090337864
CC_D205612FD566,0.6465842607824753
CC_D21474C31E3C,0.7301495959498492
CC_D2195A061A0E,0.7025765518281752
CC_D2199CC1CB08,0.033376313027382115
CC_D21FCD9DFE53,0.5087376359968877
CC_D233B2C8062B,0.44323927106616695
CC_D234CF2C21AE,0.688607632114173
CC_D2373015DF41,0.05613131727277436
CC_D239CBE1012A,0.11967422875188674
CC_D2591377E980,0.7308741013831019
CC_D25E25C831B5,0.06766568331343172
CC_D262BB13DAAF,0.28584202118981805
CC_D272BC699F38,0.0527640463585149
CC_D2813C835750,0.7943652633786604
CC_D285B0D67016,0.032713760303111176
CC_D28FB525E310,0.2354560329404521
CC_D2AFEE04E96F,0.04646668755690875
CC_D2BBAA423304,0.1134560418856575
CC_D2BE8B4011D7,0.05831885678704606
CC_D2C49D2FEBF8,0.1930862829132401
CC_D2D09498D333,0.14279296148695458
CC_D2D187DA334A,0.14777498953204823
CC_D2D47A5386CE,0.2250353961630319
CC_D2E98F50621A,0.04195144175805866
CC_D2F265035F0A,0.04885510507837776
CC_D2F91355C6D0,0.13857274351678675
CC_D2FC934F8324,0.13725441508606984
CC_D3044C67CFFB,0.056229598333371794
CC_D313F2C49E46,0.33972243355534026
CC_D31FFB053D60,0.12059341846467075
CC_D336DB6323BB,0.321967721299652
CC_D343A7CBA377,0.07856209744284014
CC_D345AF4C4B61,0.17359043130820678
CC_D34FA9410740,0.08547213200854464
CC_D354C5D1665A,0.1456073287645013
CC_D35E96480AF8,0.25286704675538185
CC_D3616386D6D2,0.13377393734600743
CC_D365173E852D,0.7732480945336233
CC_D3683C6CFC5C,0.6317905745478611
CC_D373463038E0,0.045218984567825894
CC_D379CF8E3FAB,0.7375182006915816
CC_D37B4CA7F3D8,0.04969330227640342
CC_D37B5B3CA4BE,0.6693398965304315
CC_D39265D7B6C9,0.05771528874425947
CC_D39E3F732408,0.07498444791928006
CC_D3A7B21165B3,0.3021559012998052
CC_D3A9028A4660,0.05030174819729097
CC_D3A948322BD5,0.705147479691888
CC_D3B95DB5E6C1,0.30802541302190084
CC_D3C8C5014D5C,0.19821455969758964
CC_D3D80929AF52,0.09130217578385236
CC_D3F25136073A,0.15935918791868964
CC_D4102AD032BE,0.2096041996499677
CC_D416EFCEAD89,0.06520933718888958
CC_D41C5030494A,0.7048131462879426
CC_D42E477596A3,0.05740748283652024
CC_D432C89BADA8,0.13527702780621054
CC_D434638E9569,0.12179509457977691
CC_D4518F98BB77,0.08166560065947405
CC_D452847F2A4C,0.0752115138018395
CC_D454056F92E6,0.2354144319286523
CC_D461FB973AB2,0.8165350285302242
CC_D462250B13D3,0.39669482108650234
CC_D48E686A834A,0.7062701341738356
CC_D48FFD985E51,0.08066395982522853
CC_D49263A1BDF7,0.13906983434136733
CC_D49668C65C33,0.034676648241603825
CC_D49D9C57A849,0.09734274707102478
CC_D4A029A150E4,0.1380651054258275
CC_D4AC998C0BC8,0.6903266273155384
CC_D4B02AAFC697,0.12393459380341318
CC_D4BDF0F4FE9E,0.08835240259960817
CC_D4BF2778371B,0.14831376869414245
CC_D4C0F4DB3501,0.17087168930050614
CC_D4C6DD8A364F,0.13441472374451052
CC_D4CDE2A1E174,0.14488673194542284
CC_D4E7EE35695B,0.15998305832200987
CC_D4ED652E86DF,0.27381469639653333
CC_D4F844B54B84,0.04258031044418899
CC_D4FA0055DB4A,0.03464176298063377
CC_D4FDCBAFEC74,0.7025873501578073
CC_D517D90E105F,0.08962809248070724
CC_D52B87A01028,0.23132792819019316
CC_D530C3D1DBF8,0.6284129674871411
CC_D5327E41EBA2,0.12686300486970503
CC_D53C8BCA531F,0.09376244771949001
CC_D540C7ABF683,0.7150740710415728
CC_D54105FC1349,0.36793818973390646
CC_D550CE8B9313,0.684540042410388
CC_D55C5B432387,0.16316369625516408
CC_D5646FCC5E14,0.565326753305051
CC_D56F34613338,0.13869336865394144
CC_D573AF0F1674,0.10759677118512898
CC_D586E2C2B3EF,0.2258174389660378
CC_D589E388CA02,0.05530968320060972
CC_D58EBD954E68,0.28538114786062546
CC_D59AFE884BDD,0.47328239050254467
CC_D5AC596A85E1,0.16287454863444512
CC_D5B99B578573,0.03954453800393568
CC_D5CBF4A4D3B3,0.11084887614611705
CC_D5CE05EAA837,0.23824535534796182
CC_D5D36A6C8DB3,0.07428952571980697
CC_D5D8D545736F,0.09569817072450928
CC_D5ECFAF8C1A3,0.07663848755292
CC_D605715F737A,0.13690226652096454
CC_D617428B4B0E,0.3820104900239441
CC_D61E8E5C4414,0.10409298889380048
CC_D652B5F05769,0.19435908233100216
CC_D6564D0CB9A8,0.1901080847722415
CC_D66183657419,0.06529517959174547
CC_D66BDD3E1AA7,0.09549594343548945
CC_D66DA331534A,0.09673476894516081
CC_D687A780C0E6,0.06183129013769048
CC_D6AE871A4C9C,0.1422370065275527
CC_D6B7AF1FBDD4,0.5242010134607188
CC_D6B874308353,0.5345016708430405
CC_D6B8F47FE484,0.4724871041946862
CC_D6CB1BFDCEEA,0.1290391947059027
CC_D6D47D7E1C51,0.04024077924842938
CC_D6DE060699C6,0.13846162901159081
CC_D6E06014457F,0.8984655784748765
CC_D6E8E17EA449,0.3100749524614451
CC_D6F216AB1C4A,0.1564674493556581
CC_D6F5E3A51C8A,0.09755173677782486
CC_D6FB3B76D7A0,0.6228849029050748
CC_D6FBCD4BA3DA,0.25000509472491056
CC_D70918916097,0.49614095995059615
CC_D73B1B9B81A5,0.0625457318919349
CC_D73E9E24BB48,0.10290629970275086
CC_D74AA0F20466,0.12185898190723113
CC_D750070C44BB,0.7512393436976125
CC_D7529675CB7D,0.1303770285516908
CC_D75C8CDB510B,0.6485235427319405
CC_D76009C47709,0.3338252665814919
CC_D771775A58F5,0.19368118992461936
CC_D77F9D613EF7,0.21494351399089567
CC_D7999C3EDE22,0.19021320985620668
CC_D79BF1D26499,0.18159696636014894
CC_D79C05885899,0.10765343388021256
CC_D79D4F15D10C,0.048606127729506704
CC_D7A11E3512D2,0.05342835648604431
CC_D7AD7A7279C4,0.15218984668161892
CC_D7B35055AF0D,0.1780050100364442
CC_D7D99409D57E,0.2912274412881795
CC_D7E403181D8F,0.1097660388780399
CC_D808C7BA9399,0.1304627837533767
CC_D80DE8B544F3,0.04215173693749099
CC_D81D19AEFB77,0.03144949448056378
CC_D81F317F6384,0.12905862038544996
CC_D844D9DF962C,0.08641339127805552
CC_D847D978387D,0.06121799994886379
CC_D85C7B85C440,0.2506629189538798
CC_D885591596E7,0.07243426650787235
CC_D887D07BDE23,0.3863760777973286
CC_D88ACC0CFDA5,0.14059750788507183
CC_D88BDD0F510C,0.05547964151355646
CC_D8956424CB37,0.41123702044790955
CC_D8959BB99A7F,0.2941269541897529
CC_D89A9A14B5E8,0.04840290401861476
CC_D8AD01F3CCE7,0.05303943896857289
CC_D8B4122DC296,0.14104413635760335
CC_D8C38B187875,0.701900032864463
CC_D8E55509595E,0.04552706693516484
CC_D8E6B90C37A3,0.12543875829882525
CC_D8F1AECFCC2F,0.0513771431613824
CC_D8F7672C70D7,0.052753582159045284
CC_D8F7E904E7DF,0.15771297366496595
CC_D8FEF1C99F88,0.6907429399575998
CC_D90761F9E9C9,0.3579378543594479
CC_D90D9D5C8FEB,0.10480481524299365
CC_D912917A4F4E,0.7325660556244269
CC_D91ECE64FD0C,0.10511297430395194
CC_D9325E5695D5,0.06521638631072851
CC_D9563654A397,0.21689867216874695
CC_D95766A6C24F,0.1241138512638541
CC_D95939B1BBFA,0.06131726642527553
CC_D96729C38BC9,0.09592335844029973
CC_D9791EFF766C,0.2195913054092379
CC_D97AA7C54F6D,0.11671491637749246
CC_D98BA5CE8EE6,0.49478386710446
CC_D991DAD5413D,0.12854279619424774
CC_D995C89AA359,0.1876062129888919
CC_D9A54F55AD6A,0.09930064687735413
CC_D9B87A96C353,0.2540495019289185
CC_D9C42B0B6A0C,0.16202872266150348
CC_D9D487E78FAF,0.6464222271558092
CC_D9D744A66B09,0.10706224969836525
CC_D9DA3F6E2E7E,0.12748808323068145
CC_D9E5792258E4,0.09134708750658845
CC_D9E6B9CBEB77,0.05925946245000191
CC_D9F0CDB02AC6,0.11787311358147694
CC_DA0201D1BCF2,0.10058369569475369
CC_DA0500AFE692,0.06384229741766027
CC_DA0E0BD3880D,0.4054220923245307
CC_DA10F53AE655,0.645957336397507
CC_DA1643A835A2,0.11458388100319022
CC_DA1C5BAB7E35,0.5001680732175787
CC_DA1DC6A6371D,0.22193414766227423
CC_DA1E6B31DD2A,0.6629618909159976
CC_DA1F282809D0,0.028225285712041318
CC_DA226442D919,0.7574930840263182
CC_DA31EC318B1F,0.05005313739120029
CC_DA33597C6459,0.142242830309662
CC_DA43CFB5CC2F,0.18939867680282596
CC_DA481C72B8A4,0.23456702459374545
CC_DA55447636EB,0.041908740295378964
CC_DA5AE34842E3,0.1027307447864513
CC_DA6880B018AC,0.15927755885318334
CC_DA700A961616,0.15726494646815664
CC_DA7E65F1E6AA,0.07100299008032704
CC_DA80FAA7FE30,0.13528548267106116
CC_DA8DCCC1199D,0.33238723190665714
CC_DA8EA724C1D3,0.4065469281030471
CC_DA8FA65D1924,0.039032867788880425
CC_DA99D1E41C3E,0.05203490514570801
CC_DA9C3BEFD0B3,0.1350444722833481
CC_DAA3B7FE1C62,0.0706941685147435
CC_DAACE4211B34,0.1819836834424136
CC_DAD239E56638,0.7896501908563034
CC_DAD4BC090253,0.060375127781493836
CC_DAEDBA26BA12,0.29128944366415666
CC_DB1EB08EB40E,0.13055225453587488
CC_DB2314ED6960,0.08678838332380064
CC_DB25E05EC5CD,0.4713437165240157
CC_DB3BE0C87882,0.05110211508812321
CC_DB44628BC147,0.14341668080495595
CC_DB562E602BA8,0.11337072239498114
CC_DB61D7F5F8F2,0.6629603116030363
CC_DB6498598C32,0.1654052088128557
CC_DB6B59FB6E30,0.040425813630122626
CC_DB801B947698,0.31786792543391007
CC_DBB8C467FF1D,0.09862485846128663
CC_DBCD21C2C322,0.06783766984953336
CC_DBDB148E45DD,0.10181041199779443
CC_DBDF9BFA7E87,0.11078284606533947
CC_DBF5CD2D854F,0.1689010803176081
CC_DC0077DE6E39,0.20034673548315393
CC_DC23159A1F99,0.07796176111980734
CC_DC2458827FD8,0.16979070731889748
CC_DC2BE35D58AC,0.2563280165818382
CC_DC49C8D3F7EC,0.5934594171978224
CC_DC5DE66826E9,0.11239587462675404
CC_DC6063FC6464,0.08558408742901749
CC_DC771AE1B4BA,0.7039105265237893
CC_DC7DEBC30E17,0.43687114128269655
CC_DC978F3A711F,0.6740635723118724
CC_DCA2140C7BC4,0.2169484769331263
CC_DCA5CE7C9DC3,0.165862794316365
CC_DCB5798049B2,0.1335107485812603
CC_DCD10C95C942,0.5529365110281947
CC_DCD145E8E729,0.27706551090710246
CC_DCE0BFC03B86,0.04384185233638352
CC_DCE75AE2FB52,0.05797198390160571
CC_DCFCEEF21BA7,0.34771385522710496
CC_DD12A8C462FA,0.09083683392814879
CC_DD14867350AC,0.1350236541834623
CC_DD232BC8881D,0.19804342333958078
CC_DD2473D34D68,0.19234220936579144
CC_DD2B5C4CD318,0.0712733992490578
CC_DD4EC06C3A92,0.2513608152156022
CC_DD5299DA8C1C,0.09137956029180558
CC_DD59BFF18ABC,0.11734128598411027
CC_DD6777E1B05C,0.05073208195768594
CC_DD6EE1501B89,0.08129689170701272
CC_DD78B52AE022,0.1318988040092303
CC_DD7983A07B43,0.7064336961372748
CC_DD80B5CC495F,0.11193698138194363
CC_DD8956B71825,0.6577793824905277
CC_DD8D40E7E2A9,0.10268976680299974
CC_DD9972D0B63E,0.11237971757953594
CC_DDAE70634ED3,0.09923555548627017
CC_DDB4A9FF2B03,0.10574756383339541
CC_DDB68302DA2A,0.15800603196682214
CC_DDB9DEC9C037,0.07056259928248892
CC_DDC610D2B2F0,0.07822583111646422
CC_DDCAEC6BD9F0,0.22561372984517053
CC_DDDF665EBD93,0.2861265636117621
CC_DDE66EBF2157,0.058746259867498346
CC_DDE8B7E9C7F4,0.3008121877924062
CC_DE019FC36D28,0.40049477937060307
CC_DE07076B04D5,0.1292618279701521
CC_DE07AECD2361,0.03838431772195516
CC_DE08A4514010,0.5412194109282754
CC_DE093FAC5293,0.4404865411966534
CC_DE17BC1C2324,0.1081408213710511
CC_DE1B13B3E504,0.04193390957509445
CC_DE4264861B73,0.09732004459420796
CC_DE4810B88C51,0.30309725219503303
CC_DE4EE8A16896,0.13101758354159648
CC_DE523A2403BB,0.10474646698698428
CC_DE52860CFBBE,0.18264518527856255
CC_DE593193FB9C,0.1789201228584741
CC_DE5A9B499ED4,0.09064094862144005
CC_DE6AFFA63ABD,0.08868289802447735
CC_DE7CEC14CCD5,0.6248706295761324
CC_DE7D7B5BBB14,0.6519636092574914
CC_DE81AAB7BF48,0.05369212048654132
CC_DE8956D433E2,0.6362216056414248
CC_DE8FB8D1CB71,0.2913174338981925
CC_DE90D07B269D,0.25831311141511104
CC_DE9A62529780,0.17017847953792353
CC_DEA425EA8441,0.0989279024686543
CC_DEBE01582EFF,0.1857195810630373
CC_DEBFD4E79A38,0.043092570242266974
CC_DEC97F13CB8C,0.18601042377496743
CC_DECF1507C86D,0.13785214743349047
CC_DED24C8D047A,0.1239608004868783
CC_DEF4AEBD31C8,0.23492692928040104
CC_DF062F698349,0.11500943223273119
CC_DF13D5CB626A,0.09857765538020749
CC_DF15C526CDC5,0.053062600233027564
CC_DF1F6C68F7D2,0.13837186548432517
CC_DF3EB88F509B,0.10652791045548544
CC_DF4E332C886F,0.033688222011333716
CC_DF514171DC30,0.15679726239943081
CC_DF536CEAE5C0,0.06263696058315334
CC_DF5806CC2CFF,0.14777009868883978
CC_DF715690EF20,0.23028534209597615
CC_DF718A37AF15,0.09622102368203617
CC_DF7276DD74AA,0.09670082498610708
CC_DF750B2D6872,0.3462202415114004
CC_DF9FB6670627,0.07419502948944233
CC_DFA65A0125D9,0.060690319085198965
CC_DFAE355359B8,0.21372447106664855
CC_DFEA562F7BCF,0.2821662017502659
CC_DFEDAF0F0D6E,0.0363437316141308
CC_DFF6F74C64B5,0.6179731073389021
CC_DFF87DF16763,0.1342827955355757
CC_E00D8ECE9FA9,0.16853751060572097
CC_E027E36615C0,0.5354693098285728
CC_E02E23CE49A8,0.0886776643149747
CC_E030B3AEBF19,0.13480649694019378
CC_E031A4C862C1,0.1831910988307547
CC_E0339B331F4F,0.0822021827031389
CC_E038981B2FEE,0.12456275120449253
CC_E0463868968B,0.15975896658151748
CC_E05A8621B581,0.3322585033133401
CC_E07FB0312232,0.15257006843276413
CC_E088594E0624,0.203380373393165
CC_E09AC3B1E534,0.09762553913709761
CC_E0AC29AFCF97,0.17097926922344892
CC_E0BAC6E0D0DA,0.060124574253363414
CC_E0DDDA07F0A1,0.13176916078304235
CC_E0DF45AB72B6,0.24865340180701573
CC_E0E1F8E7379E,0.07335438783357368
CC_E0EF095444A5,0.14023367543975204
CC_E102E4F7F8B4,0.21839307014730758
CC_E109B4CA6A8D,0.12396551678520888
CC_E11470A2D92C,0.427894056324857
CC_E117B8A6ADC6,0.03465231485330608
CC_E128015073F3,0.08514292273590568
CC_E131D5EB9237,0.19907072333173004
CC_E14A24095E9F,0.17148701951790163
CC_E14CADF89123,0.5487272450568821
CC_E16876025011,0.054946651540033455
CC_E16C71C15D04,0.6757115767848189
CC_E16F1BB83653,0.04925812940706677
CC_E17448FB08EF,0.5854222351004426
CC_E17AAACEB07D,0.08929021236295862
CC_E1875522DC57,0.14238123795408505
CC_E18A0734641A,0.10165461429104207
CC_E18A22453843,0.09973927273456741
CC_E1B4E3360C0F,0.18325839190743698
CC_E1B5AE645169,0.06630533773760378
CC_E1B71F6B7DD2,0.3011801502449081
CC_E1D073F693A2,0.3674366933322285
CC_E1EA83C31C66,0.09346114994101387
CC_E1ECAE226485,0.26470824800566967
CC_E1F0C5076481,0.07259887358849211
CC_E1F78CE289D8,0.05605280966684821
CC_E1FBCECE0A54,0.20158853275176908
CC_E1FD46CA26D5,0.09931344817600044
CC_E20E7C7164A6,0.7243598014219106
CC_E211E2698C14,0.03596884562791052
CC_E21B4F587C45,0.14276045089007944
CC_E22A278A1386,0.05623012263261146
CC_E24078C03B7C,0.13625063124305536
CC_E2452737F950,0.16124811615499207
CC_E246119AA09C,0.6580242622346961
CC_E246942C7310,0.07709658749926357
CC_E2474A334F3D,0.0917676461986367
CC_E2489637D0E8,0.13540943147213114
CC_E2521AF9C2A2,0.09795878456909272
CC_E253F4AC4762,0.5281745628657384
CC_E257805D0F0A,0.18328276248294373
CC_E25A924EDB70,0.10554681250746184
CC_E25B5D5502AD,0.11319093184216232
CC_E2619E24BEDD,0.6854336610644821
CC_E274DAF3C064,0.07462005084693951
CC_E2787CBDFBF1,0.1377277277285753
CC_E28AE2E68BB7,0.7173703277725199
CC_E2C3E272D059,0.2675989252126274
CC_E2D653061523,0.37686527101600636
CC_E2ECDC7D23EE,0.1491918050835932
CC_E2F0E725C3AB,0.06150430999402634
CC_E2F7712CD056,0.19965415713096754
CC_E2FD7FCF0AD5,0.8082679227896132
CC_E308C7DFB2F2,0.14381174132282093
CC_E30B791D5F11,0.2303508887592572
CC_E315F7A94400,0.32622063481222124
CC_E31DAB1E73F5,0.0508548160310618
CC_E32034C97E83,0.2326467961207711
CC_E32DBED5EAC1,0.2503345752047529
CC_E32DDDDEE3CB,0.1684518072724922
CC_E343EC3EB052,0.6670969006604429
CC_E34A04E78D60,0.1440073604133899
CC_E3503B565AD0,0.2861702762134277
CC_E356B05ADD56,0.19165693268459238
CC_E35D02BE6780,0.028121292736462883
CC_E369AAECB2B1,0.48666858169508875
CC_E36ACDB4F96F,0.4661884198343906
CC_E36C7F0E1657,0.849376888432979
CC_E381FD4674D5,0.03185179933861668
CC_E38E3835121E,0.048481195643352994
CC_E3A70438A0C1,0.22705262449672547
CC_E3B5C76189F3,0.21448119600523247
CC_E3B7B7E57889,0.21314274001328848
CC_E3CCC0D886D9,0.1931256938120794
CC_E3DD8AD10171,0.2733395759847037
CC_E3E230CF20A1,0.20324724538441513
CC_E3E4B2543CCB,0.0766998597465335
CC_E3E5DF01E014,0.17647434739934265
CC_E3EB157288A2,0.09383826874099122
CC_E3FBDA203EDF,0.14948345307063743
CC_E404FCA6CB2B,0.7046362439585068
CC_E4054F9C8442,0.26425306671136345
CC_E405D808772F,0.04445363299705184
CC_E4137B250609,0.36335292707996064
CC_E41482A7E968,0.07112185905445485
CC_E421FA1874F4,0.0926599235099273
CC_E42C38BBBD04,0.1599633774138879
CC_E42D90BFB285,0.049317919583699854
CC_E42EFC05C891,0.09020797532422994
CC_E430F3C75969,0.1152619353253235
CC_E4576D6B6478,0.108470537275005
CC_E46B27A13728,0.3910480252657169
CC_E4783FB590D4,0.16562170653755434
CC_E489009C6500,0.17262421880025425
CC_E493CB46177D,0.09491729697947164
CC_E496AFA9B40A,0.3227219380752122
CC_E4A2FFE0EE1F,0.12308710699708272
CC_E4C553538385,0.3227459403662857
CC_E4C7B5501ED1,0.15904079404652655
CC_E4C8A5A60F51,0.1718568799133191
CC_E4C94AB69214,0.4457395510206347
CC_E4D75244E8B8,0.15607109215050055
CC_E4D9A8EEDBAE,0.21917703195608518
CC_E4DF787730AA,0.13325931624898013
CC_E4E0DC070132,0.14606821284609978
CC_E4E3C08B7F86,0.06124251572294938
CC_E4FEEB4389C9,0.38581617666409984
CC_E50598344DD9,0.4523093692770713
CC_E50C634A9A18,0.034551131864155184
CC_E5107337FDD7,0.04700862904543692
CC_E511BFCFEC9E,0.6364538866078544
CC_E51318749E09,0.1359832398226036
CC_E53FE6708AD9,0.7166557377161141
CC_E54290FEA34D,0.11066949217249594
CC_E54B723C018B,0.051277966225744195
CC_E554618F383B,0.09061319838035077
CC_E557336955A2,0.10114817480523114
CC_E55B48E73651,0.19093211181734127
CC_E55D8DC645B9,0.05668194720136194
CC_E575DA02C575,0.213513261874467
CC_E576BD98A727,0.1772763903541899
CC_E578DC77656B,0.14324413598472652
CC_E57F3EAFD9A3,0.14730698280158588
CC_E59A01603B7D,0.31674028057963777
CC_E59B2D974CB3,0.23012596133093205
CC_E5A1C44F0F07,0.6730308250830213
CC_E5A8BDF6BFC1,0.1560582786449706
CC_E5B284DA0E5D,0.09358613695437994
CC_E5B8363BB378,0.6255259745952053
CC_E5D8BFFA5F88,0.06338057424797248
CC_E5DA04902EFD,0.2513570419530701
CC_E5F53CFC20EC,0.07535942850581735
CC_E5FAECE63C59,0.5787066462719552
CC_E5FB6E872C58,0.045531722715459175
CC_E6045565E7ED,0.102188213849922
CC_E60845ADC7F1,0.04424806917455065
CC_E61567D6B392,0.11887031346897853
CC_E62174AFA94C,0.1420137383880193
CC_E6247DD14641,0.08926106230791953
CC_E6289A61F0ED,0.09637587304334236
CC_E62E32FB6FBB,0.029894021053824195
CC_E62F6BE942DC,0.1970551561988444
CC_E63E49B128AE,0.0609949070598371
CC_E63F89885A3E,0.7886155069358542
CC_E6466E6A92CB,0.24402294537073715
CC_E64BC95F8B2A,0.8546423731293818
CC_E64C652BBAB2,0.0703882028919767
CC_E659DB355476,0.16314432869901613
CC_E65C8BA5A7CE,0.06131874638696193
CC_E65F39446752,0.3188324638395506
CC_E67395791589,0.17698855125029345
CC_E67622A69EEF,0.07548959929862538
CC_E680830CAEF3,0.07099268188061955
CC_E6823643AC4C,0.6109024780071031
CC_E683F33931BB,0.14742285777635927
CC_E68841DEB163,0.10896116895531882
CC_E68B2C33D180,0.1312437787682607
CC_E68EE6EC2618,0.05622729359650241
CC_E69508D3D3F1,0.2004431583230253
CC_E698F1348426,0.23421100855275864
CC_E6A178F3709D,0.14317419063965944
CC_E6A4B6E8619C,0.6596931299595494
CC_E6B3887C66BB,0.27140428567825114
CC_E6B6BBBDBEDB,0.329399764232434
CC_E6DBD0F9DC3B,0.07597437309731042
CC_E6F090F70DDD,0.26944051273981345
CC_E6F2D8CB45C6,0.1010338005900436
CC_E6F8FBEDA2A7,0.10020838544452512
CC_E70854CDFE9C,0.05265842490899983
CC_E71C05F07F85,0.06963719543528125
CC_E72797CABC60,0.0776651104992927
CC_E727C1153226,0.0983282617649801
CC_E73489D828C7,0.13140891568705232
CC_E7355465CE6A,0.05935054058481363
CC_E73CDBC743FF,0.23310019847244062
CC_E74F00E75A4F,0.07530236411721493
CC_E751F7E19192,0.12359694070008326
CC_E7522AD6431A,0.5691133498451998
CC_E7523630D2D9,0.23140102740775512
CC_E767372DD95A,0.5687559438935549
CC_E76C5DFD3BA6,0.2122792264263066
CC_E77326438575,0.20309706132731997
CC_E77E29E11EB1,0.14160094243120777
CC_E78F20B3223F,0.7154488124456825
CC_E79A23E64518,0.08482106701339232
CC_E7AC69AEA182,0.7693398572011401
CC_E7B754CA9668,0.05164051302842672
CC_E7BA60365AE8,0.12140600439272894
CC_E7C95D4A741C,0.07666320255960776
CC_E7D3D728EC5B,0.19355604505945423
CC_E7E4D5F851D3,0.06327685519024137
CC_E7EA49D37B64,0.3284713338132756
CC_E7EF11A24F73,0.777747796963582
CC_E7F6F9A7EC65,0.10076492290083444
CC_E7FBC7F69DBB,0.16644981401450443
CC_E80B1A55A74D,0.1396026840860911
CC_E824AB0AFDBB,0.21237690936916115
CC_E826DAC92D9D,0.2504736423398889
CC_E83AB7100D06,0.11289592890799091
CC_E83E6D31EC76,0.2421059354739702
CC_E86650461FBE,0.1802863445877521
CC_E868A3754B11,0.8650167851587371
CC_E86A993F7D05,0.09339775478096796
CC_E87992FBEE80,0.6285976072861192
CC_E87B909C4DDD,0.19931957172484044
CC_E8828BA7EE08,0.12918223276256902
CC_E886157F6FBD,0.3458544059317903
CC_E88711C5C98E,0.09955185723417977
CC_E887680BB6CC,0.17430145772978545
CC_E8909BF77D8D,0.11814052833624891
CC_E8A82DA3A246,0.15607302782150678
CC_E8AC7545DBD3,0.0957957632208823
CC_E8BA6B224C3E,0.09683126611368861
CC_E8C6CA45BF72,0.1838889049663851
CC_E8D2E3126A8F,0.6600297509777326
CC_E8E55DAC4FF9,0.06279312823953148
CC_E8EB77AF3F78,0.8280709313217021
CC_E8F2C6905503,0.38442992556765987
CC_E90831F897A9,0.17495834890657389
CC_E90B14D51185,0.509560896700936
CC_E9188329C9E7,0.08673317765433866
CC_E91E1C0C0C61,0.6778516067592584
CC_E91E9D34C5F3,0.11989587824218534
CC_E91F555DBA96,0.13532595225491229
CC_E932CFF4B4A4,0.21435905692480445
CC_E93643CB34CA,0.15541598906037035
CC_E937CA493910,0.1313367493070113
CC_E9409A50B4BF,0.4625151953428828
CC_E96711AD5512,0.06380166649238597
CC_E96A3E6912B4,0.47252097216336214
CC_E98AEE74B9BC,0.22683439547121353
CC_E992FB78BC2D,0.2927533472913294
CC_E9A3AECEE3A9,0.07876628375855668
CC_E9BDA7766728,0.3089188257769041
CC_E9BF1AFE86C3,0.17018108219495265
CC_E9CA055AD1A3,0.11281317727030894
CC_E9CA0A56E917,0.20284886302784197
CC_E9D3453F53AC,0.6064453145670254
CC_E9D46EFFA839,0.22339938333084366
CC_E9ED872B6037,0.04839875137888856
CC_E9F40C1B559E,0.12350430753743366
CC_EA06928C0AA9,0.21407466937729616
CC_EA0A46F64C80,0.1349204526102758
CC_EA114B15FC04,0.48787271261334286
CC_EA1F3F67BA2E,0.08560118762631652
CC_EA21618614D1,0.6783142626699278
CC_EA26B5A89181,0.20363701844910187
CC_EA26C6C27662,0.16922575985966962
CC_EA3B5AC76649,0.21170724431004184
CC_EA4E669C8528,0.07247873285057753
CC_EA6917E7A5C2,0.7629198543350232
CC_EA8A25862433,0.1008854054773265
CC_EA901D7CA670,0.1640741109708651
CC_EAA2BCE323EE,0.724184389054097
CC_EAA6D5189190,0.11703959900194842
CC_EAAA8DD7FAAF,0.14228220093322683
CC_EAB7408CCE0E,0.3107433297189456
CC_EABEDB3C4827,0.1428893949479495
CC_EAC6D83D1BFC,0.03146219849007693
CC_EAD7F3E9DAD1,0.0650701265190445
CC_EADC7D8196C2,0.2681177217588211
CC_EAE608E24E29,0.04233310976916715
CC_EB05AD2C7C27,0.04497202783250758
CC_EB1DA337E2D1,0.1158232996593708
CC_EB1F425EC937,0.12476846329089762
CC_EB2FE764BF6D,0.11923761310012307
CC_EB55483587DE,0.12963199400470873
CC_EB569B3E2E12,0.5907188746542458
CC_EB57E6E6C96C,0.21413715107564768
CC_EB5A0FE0605C,0.11399916717652042
CC_EB64EC97D01D,0.12539801790533656
CC_EB691249B91A,0.21945404440987124
CC_EB7C50A7D4C1,0.4683780076871096
CC_EB7C52FDBEC3,0.1716884403339094
CC_EB86FED24535,0.2714768555626614
CC_EB89DECC2021,0.11733611176905959
CC_EB999F9D6095,0.17707978663276092
CC_EBA2F85924CE,0.079985528129276
CC_EBAC5A53FD11,0.0739353430682439
CC_EBB109EF7619,0.16015409289398164
CC_EBBD00C18763,0.0673956000735076
CC_EBCA68C7854D,0.07325829750028794
CC_EBCBDE122879,0.14776272041672261
CC_EBDF6C88BBA5,0.09475657899281785
CC_EBEDAC91ED43,0.09391129922845391
CC_EBEEC4183FDE,0.046330609027455366
CC_EBFD9D007253,0.5046523016275127
CC_EC1ABC58E09A,0.17853138130629045
CC_EC26EABA68DC,0.7810969642709378
CC_EC2A485A3E71,0.1589233926474504
CC_EC3B9E2FE47B,0.10388909398924993
CC_EC505F03EE5F,0.03443048158759768
CC_EC5317EC6706,0.15869715350577435
CC_EC5B7FBD1EA7,0.12415340819826233
CC_EC5C7471FFC5,0.06626545039590388
CC_EC5D92B3617B,0.19274403485832708
CC_EC5E214BFED0,0.6709014640017543
CC_EC6406527201,0.11141665424009538
CC_EC79022358C6,0.3210935121414271
CC_EC831A90189F,0.10084805669206122
CC_EC87C131FADC,0.03911651957029647
CC_EC88785D6F39,0.1837379343715267
CC_EC9173F5284E,0.03447799817752964
CC_ECB7B3B6272E,0.0746587727959229
CC_ECBF4CED56D1,0.13214448749555555
CC_ECBF80B94EAE,0.7910789532746554
CC_ECC78B7AE3F1,0.5102711912789376
CC_ECC7E9E691F5,0.12585633939389382
CC_ECC9235F612E,0.24074414606855637
CC_ECCB0BD557DC,0.13031493975161187
CC_ECCCB1B4EA8F,0.09857658590750255
CC_ECDDF4983DD9,0.05683539122267042
CC_ECEE93C4F564,0.6339906319840365
CC_ED07BD8B2CB3,0.057812761771472584
CC_ED0F4A02A01C,0.23627918598753328
CC_ED11D72A1D3B,0.06041170401077581
CC_ED165FC5A06F,0.06126913721015233
CC_ED2B6A40ABC7,0.21703827751345073
CC_ED390F22A931,0.08784414491002046
CC_ED40E7CE5177,0.1460706016886027
CC_ED4E4B13DB1A,0.036853731899389286
CC_ED4F22572419,0.16139581644463435
CC_ED5AE5CB1DC5,0.08968505502501721
CC_ED6090A4E6E4,0.24053966692124726
CC_ED645D91E6A5,0.11308693636508695
CC_ED6B045B6075,0.16245744819764957
CC_ED9313C71C57,0.1390532530889896
CC_ED9BCE7C776F,0.7050383607659849
CC_ED9D4644716C,0.15169376352087732
CC_EDA794402358,0.28134352160369414
CC_EDAADACD4DED,0.09112367071576
CC_EDBAD2E989FB,0.14930295543088046
CC_EDC98B474E76,0.3035318204641065
CC_EDD1FD49A66A,0.7618148002165226
CC_EDD448008C0C,0.6479535011845645
CC_EDDA3B790095,0.07097732440975829
CC_EDF95BF0E3D6,0.20385148072255885
CC_EE03D7C2BC69,0.06745324822754599
CC_EE0D95184E81,0.04739258455357846
CC_EE0FF690C214,0.42625497381828653
CC_EE2412C352D5,0.08638098705442868
CC_EE2A010019CF,0.08195636232899056
CC_EE2AC730827E,0.058401086128139296
CC_EE3236E6A9FD,0.1274717525978802
CC_EE3759EA49FF,0.17125991309223962
CC_EE38C78AD88B,0.44391110877753576
CC_EE3CE0FD6B77,0.6482976444852129
CC_EE6B7E58FC63,0.04952514022192607
CC_EE6E02464067,0.26139169464345224
CC_EE6E1FA7A753,0.13641211240287346
CC_EE6FCE6C233A,0.21349897106434623
CC_EE88C07B9333,0.08516478813408589
CC_EE9004165810,0.0643903677434261
CC_EE9BD17AD343,0.06376895213422158
CC_EEA608D5A455,0.14883134812317547
CC_EEAFDB1BB486,0.5259512691964954
CC_EEB482736C41,0.22366346617674732
CC_EEBD9DA093E1,0.04715420110200741
CC_EEF23DDD2262,0.13227767292516093
CC_EEFBDC9AD94A,0.0800172329052955
CC_EF05000895F4,0.4929754594166408
CC_EF16B2CE0988,0.33549844335265955
CC_EF1DD3F0CBDF,0.0739309428191982
CC_EF2D82085BB9,0.09574853485684982
CC_EF2DBE79D656,0.291301215838291
CC_EF3000C48A4C,0.06302090263931577
CC_EF359AF608EA,0.035057565445949235
CC_EF362432D758,0.27125526658105814
CC_EF548B30F1B6,0.18770870382134014
CC_EF5B403DFD7E,0.10483813937284875
CC_EF66DA0DDF9C,0.28935802454196724
CC_EF70BA4AEEC4,0.16376662571854778
CC_EF83DD56FCC5,0.06411179997202283
CC_EF8B642A6F8D,0.07958498463881544
CC_EFA1EB27DA19,0.043447140672319515
CC_EFAE84EA9BDE,0.0759052946817556
CC_EFB26BEA106E,0.3502130394476214
CC_EFBB51CD8502,0.19912554060835505
CC_EFC18E9B3B55,0.11042969255613991
CC_EFC4B0020E2D,0.14198634552441308
CC_EFC9FA5108D9,0.1426075392569287
CC_EFE45D9B9D9C,0.04993799505968735
CC_EFF27FA98DF1,0.07333003476248239
CC_F000DA497736,0.24900502361998939
CC_F00107DE219E,0.6576486280527049
CC_F009FC54A64B,0.7617750234308385
CC_F01DF28C6BFF,0.11515889321102565
CC_F037C91F63BF,0.1401041126038416
CC_F03FADA95A03,0.7153627602302178
CC_F05235F3C894,0.11196380404649198
CC_F0649FEBFEB8,0.4786538553112732
CC_F066C78B5C0D,0.13938226763640885
CC_F07313626618,0.6067071229181711
CC_F0783F6A56F5,0.7721265602820081
CC_F0791523691A,0.18097550865192635
CC_F080750455CE,0.05790187672245979
CC_F0809EBB0B51,0.03429382030623644
CC_F08259F86E23,0.16408402175971795
CC_F0929F859702,0.1731377137792503
CC_F0A7203CCA39,0.1369312649924571
CC_F0CD4DD9C63C,0.16183275653956675
CC_F0D29AD328E5,0.15925447208415333
CC_F0D339E5B80C,0.06486790953754247
CC_F0D3BC14FA77,0.07320981071931253
CC_F0E16D28D49D,0.1695258296329769
CC_F0EBE2C00A7B,0.06714426386963249
CC_F0F137758DC2,0.060784987518834294
CC_F0F6BD40CA43,0.30425907176108224
CC_F0F6FCF6010F,0.1495183432818617
CC_F0FBC9D4ECA1,0.037715600102817375
CC_F0FEE924096C,0.22193070209997598
CC_F1074E035DE6,0.0556534425410083
CC_F108D26930FF,0.38590197163637585
CC_F10DB853B9DF,0.36333157358290225
CC_F10E06D52D76,0.15432918790282663
CC_F11F5F477B91,0.6835617104184267
CC_F14913B5BE1B,0.74760017171004
CC_F156C1647E3D,0.08548895586293598
CC_F1598097E314,0.6409464694789498
CC_F1641E3AAB3C,0.04836372413816324
CC_F166878FB959,0.05317566707154285
CC_F17540FE7C9F,0.1170253797852038
CC_F175BB08B29E,0.05538391101035912
CC_F1782AF286D0,0.39236049082977087
CC_F1796AD4B774,0.6799991479776073
CC_F17B3A3A5E56,0.6241384004547326
CC_F1858D6F0080,0.14964025860602456
CC_F18689FA8E29,0.0652229244184304
CC_F18A82B0F153,0.12241168779784233
CC_F1AE7142A128,0.12257984147536746
CC_F1B43DD57C9C,0.10626418751613968
CC_F1BCB7676492,0.09572243247160661
CC_F1C8B8BB90AE,0.1625533697010282
CC_F1E044CD2D75,0.3071257840485359
CC_F1FCB96B5E14,0.23350686356177003
CC_F2067E92A939,0.14711996044924433
CC_F21512554CC9,0.1005125283419308
CC_F243956B7575,0.0878561072221691
CC_F24FBC9FD3F7,0.3598550608345075
CC_F252EB3F208B,0.06922310319840665
CC_F25D793346CA,0.34289517512951306
CC_F25EB1ED5AD9,0.07600923101298071
CC_F265A0AE845F,0.6852600140570518
CC_F274BB4AEBE0,0.07635627116455383
CC_F28BF2185131,0.07817026176223418
CC_F29077E45AF0,0.2596396568833195
CC_F2988560CAB8,0.30208406860569337
CC_F2993AB36C56,0.09078029321364517
CC_F29D6C65779E,0.08282601859236874
CC_F2D2BADD0000,0.06035045970226107
CC_F2E4AEB73D57,0.12945229670768976
CC_F2E630BAF431,0.04555225850673098
CC_F2EFCB40AE74,0.15110080442894072
CC_F2F085891915,0.7060125853423959
CC_F3030E2C80A0,0.196347878646911
CC_F3044C7C16BB,0.06207085086418515
CC_F30B21CB4603,0.10814722517823519
CC_F3140FCE870A,0.084370317220652
CC_F32A84B321FC,0.15135466642070447
CC_F339FF584607,0.3067457307035785
CC_F33CEE0F6DBE,0.4384354462436568
CC_F33DAF3E9CF0,0.13693248778659195
CC_F34EC3FF202F,0.08871390350031445
CC_F35A6C383B39,0.19303178935703302
CC_F360E0FF27CA,0.07459204870588308
CC_F36B7AEC0086,0.10073284745469854
CC_F370665BECB8,0.6237998678349226
CC_F373A60E53E8,0.04064908216965222
CC_F373BDAE18B2,0.06590383276393856
CC_F3745BC63340,0.07343978055392919
CC_F37DC9169301,0.16659206798801662
CC_F394E57C5243,0.2265552696783358
CC_F39E98FD418D,0.08411697927717357
CC_F39F51452381,0.039887312339671285
CC_F3A52465664E,0.06917184784979373
CC_F3A8CF761A0F,0.23053915913000433
CC_F3BF1709E29A,0.3601041117297896
CC_F3BF72C29211,0.07239253831459995
CC_F3CF35465CF1,0.06604316937078801
CC_F3E2186DBD4F,0.26083471416667564
CC_F3F0F9B9B56E,0.14499262981106445
CC_F3F185395BE1,0.09480977783317251
CC_F3F68E6599E7,0.06389534353185351
CC_F3F7763C9DFE,0.14351727725958793
CC_F3FFF13592CE,0.05932014028395453
CC_F410C3CE89E1,0.1545194609949058
CC_F410C8B811FE,0.07091171739563643
CC_F4132072D78E,0.11146959957009794
CC_F4157B8E5B32,0.5424074917890863
CC_F41CF067E828,0.10840211163144019
CC_F41DC456E539,0.05342762494802111
CC_F41EEF55A0EC,0.04316845195546502
CC_F426B5C1F07D,0.2928781345617934
CC_F437875F9000,0.13459780496480034
CC_F43C961F8A30,0.14701856909616912
CC_F43D9BF23472,0.05836425506826706
CC_F444BE033109,0.15568502156965947
CC_F4481124F17A,0.15697747251045593
CC_F44EAAF80F70,0.13781169701573823
CC_F4521F6D3492,0.4971874559088839
CC_F46BD9AB1B68,0.124206310971678
CC_F4763AA0B824,0.567341301522323
CC_F47976F33E20,0.18550296355113122
CC_F47E588D4470,0.2077011312393827
CC_F4A2777912C2,0.11133641886255019
CC_F4A6C2B23685,0.07123919417896052
CC_F4B3EAEEEA8B,0.04549827995348425
CC_F4C6CD1E720C,0.06561402268929434
CC_F4D05DA98C83,0.07369608927522671
CC_F4D15889CDE0,0.15640327305300128
CC_F4DEC1E6173D,0.05367888868484868
CC_F4EFAD6AF8BD,0.2973806534689356
CC_F4F7835A1FA2,0.2257089646247838
CC_F500597795FB,0.1620074548570128
CC_F5197FA9580F,0.6844874903953402
CC_F5240F59146F,0.09084743585088806
CC_F534A0B87C3B,0.15955863595994174
CC_F536972BFE98,0.14010333885017795
CC_F54FDFE5A5C8,0.07297814797214887
CC_F55727F65F86,0.17133981497516432
CC_F558EBDCDD6D,0.14294904623669896
CC_F56D569AC51F,0.08727579180270352
CC_F5714D180EE1,0.11549829758685128
CC_F576ED9554AD,0.347031707873729
CC_F57C2559358E,0.20182331056876518
CC_F5AA72FC0972,0.10106888919238409
CC_F5AE7DEA2B48,0.08488199402833063
CC_F5C6A5E9D495,0.1622214688432021
CC_F5E0731F2181,0.21680244041320376
CC_F5F4F3B03FE8,0.7854732006328088
CC_F604D7B9CBD9,0.19042874363958423
CC_F60F13391D61,0.172288626372151
CC_F618D72DF162,0.08593110655620345
CC_F620B15ACC5D,0.07294970692187547
CC_F62D426D6614,0.13265139108615304
CC_F634999D5C1D,0.028847506478417762
CC_F636E5BAEE47,0.18126410698282314
CC_F6461B692240,0.6680258975609126
CC_F65BAD63AED0,0.20107600284650992
CC_F65DD2AC57E8,0.2533111391672512
CC_F66C6577674C,0.054839583826354205
CC_F670896FE959,0.18132242200708598
CC_F67376F272EA,0.7127313462994936
CC_F67FFE9E884E,0.2693194565438501
CC_F683C99F06C1,0.11644741803301895
CC_F68523E2CE7A,0.7567744882517209
CC_F68E62F9AA0F,0.030578193897333097
CC_F69604E05962,0.07536266248051532
CC_F6B8913740B3,0.09845730811296613
CC_F6BB4952DD35,0.23927606602347262
CC_F6C0B7AC57B5,0.6092292479779049
CC_F6D2B06E6E8B,0.6074986539443168
CC_F6EB30A84C9F,0.24594133541884589
CC_F70345A4792A,0.11658750547887593
CC_F7068C1F77B3,0.3220678404705304
CC_F70B0EA8C0E7,0.05768836397778301
CC_F71CC97FCE83,0.09832993238979951
CC_F722224A84F4,0.7071170308776122
CC_F72D1046063A,0.27084044636032945
CC_F72DAB32A281,0.06471746146728335
CC_F733AA5C0ED9,0.07289162859065633
CC_F74043C1BBEB,0.06328415743128608
CC_F74A31E36137,0.059418354036748375
CC_F756B167634F,0.18882511621782455
CC_F75CBE8E1B92,0.46515359012712854
CC_F761F7EEAD39,0.15655597557073792
CC_F79303D62FCD,0.08106148232746561
CC_F795134B52E6,0.6377396684819905
CC_F79533E83ECA,0.08342733580716645
CC_F79F9A7ED432,0.762605733338571
CC_F7B2FC73E020,0.045338732860384395
CC_F7CF24594B20,0.07218509767624771
CC_F7D31937AA89,0.04562767342806513
CC_F7EFD378035D,0.3486511221578925
CC_F8014B1E00D6,0.04306475806477608
CC_F80ADE95A7C8,0.06092910921938453
CC_F82E58E476A9,0.11700972318817836
CC_F82EB123CC19,0.23393755575888805
CC_F83088660331,0.0851668759464715
CC_F83C6DF6A815,0.5699091085763969
CC_F8620C4F7581,0.14637493369940396
CC_F869F4DA5077,0.8044774304376149
CC_F86B1C53EAF4,0.17720755757290887
CC_F87B7F26FF51,0.22159715633228255
CC_F8803D1C899B,0.06941238239891533
CC_F892E51AC9DD,0.05716732611571846
CC_F89C185743F0,0.1408322203252497
CC_F8A4D45C3769,0.0969405905032182
CC_F8AD68EA5A16,0.21633340191686556
CC_F8B4DBD0CE8A,0.34716652376846546
CC_F8F3E551F166,0.24309086769957486
CC_F8F9FE2C9B65,0.2852368291436333
CC_F912A50D0DD1,0.14854858708196972
CC_F91B7C2B1AFD,0.10207023715808333
CC_F925251D4BF0,0.435237231762159
CC_F925ADD60E7B,0.05646088814555732
CC_F9282C144479,0.07490011872782315
CC_F92EE3287CC8,0.0923460618932003
CC_F93332608FE1,0.14010467966801626
CC_F94070DE3B81,0.06606302304448566
CC_F94C81428D20,0.21422789477254806
CC_F95DFFDA9B12,0.3513429300099037
CC_F96A53B02447,0.5713168736964507
CC_F96A965CDCB0,0.6392766862200318
CC_F9721FEDBE9E,0.16586275485614543
CC_F97C3E145882,0.1862954517608879
CC_F97C64C64052,0.09117512066325963
CC_F98660A07E6A,0.7969521300589685
CC_F98BA4B13724,0.09014312227977421
CC_F9A3F3A76B1A,0.10119952284048324
CC_F9A8E2B3A703,0.13648190392832424
CC_F9B3E7E7F2A9,0.41123526365663765
CC_F9D7D0B1E4A8,0.6409992023865683
CC_F9EDA4EDDD44,0.04982833759045338
CC_F9F2176B12FE,0.05420150669306462
CC_F9F90E76CA5B,0.1256933229107537
CC_FA0157249C01,0.11309171799708906
CC_FA169BCA835F,0.0857667139689719
CC_FA19B61BCABB,0.1389392316219517
CC_FA1DD203C293,0.28618835926734726
CC_FA2E30269BC1,0.17201667683347296
CC_FA304CE8E045,0.21016644376025445
CC_FA310759A257,0.6460238097039819
CC_FA32397E7B8C,0.09608231132579634
CC_FA33D97B84D4,0.08650160933170989
CC_FA38991B9434,0.032902481157895756
CC_FA4079FFF1E5,0.18820499320286344
CC_FA716665CD8F,0.08207598889602576
CC_FA770268B207,0.14184859575906772
CC_FA7A2F59245B,0.4664237218685505
CC_FA8205104EBF,0.11286848086441534
CC_FA8370AF8740,0.05894297397636694
CC_FA858F1025FF,0.14763577037745249
CC_FA86320CF6B0,0.059208342483120596
CC_FA8B341CD3EA,0.28310804221397834
CC_FA9057AAF95B,0.09082831898702518
CC_FA97314C666C,0.04831679093811701
CC_FA974C1D91AD,0.35182377622249617
CC_FAA0E5BC9F44,0.7191924669608576
CC_FAA2694D8578,0.29730278149401007
CC_FAAFFC74BC35,0.7100888831786829
CC_FABA6DCF8E45,0.03668158071210595
CC_FABC53294AC1,0.17382774028551756
CC_FAC52B8E66DA,0.10021751111633417
CC_FAD284D8DAC8,0.9257977459716096
CC_FAE70CA5999C,0.12269503595176226
CC_FAF1CCB40132,0.1010904889715212
CC_FAF93D8B3B59,0.0561373514487978
CC_FB09E5481B64,0.1447204946924195
CC_FB150A1F7C3B,0.1141573785317448
CC_FB1808471515,0.37780300803647315
CC_FB296D823CF6,0.06753340114010738
CC_FB301E1FA7FF,0.041292337096027504
CC_FB33C958A19E,0.43993446279618054
CC_FB40D63FC3D3,0.1712556194759266
CC_FB45A1837AD7,0.10242515008022243
CC_FB45B79CED15,0.10596920224932352
CC_FB52260232E3,0.05073730720050507
CC_FB6A0A7B8813,0.24859970379276805
CC_FB6ED10D82D2,0.09685476330743228
CC_FB78DE84AF05,0.03502169659612792
CC_FB8DF8F93E7F,0.18403974296814238
CC_FB8F89048B89,0.07717366086435842
CC_FB9C3E77A49E,0.12775837565981646
CC_FBA40CEAEA18,0.09247944161771772
CC_FBA998938FE5,0.16788349122648344
CC_FBADBAFCD1B3,0.25577026009280324
CC_FBCB85E21ADD,0.14655851133269893
CC_FBCD00EE4402,0.14539282668388923
CC_FBD40DFBA5D5,0.27478516985811263
CC_FBDECF3DACAE,0.2197302333743789
CC_FBE4E2F652EB,0.21664392716627562
CC_FBEA9510C687,0.23570678768836695
CC_FBED1E2E1CC0,0.15154110890584754
CC_FBF54E48EB13,0.05220168990826529
CC_FC1E279EF320,0.05559547993689939
CC_FC2E1D460089,0.08642048286305047
CC_FC31CBD20CDF,0.14073539045549724
CC_FC41D8134A1C,0.07394644620796667
CC_FC44D7EF257E,0.044282330901296976
CC_FC4A649BDD07,0.22352109773696893
CC_FC51BCDBB6B2,0.13341570864705987
CC_FC57B6E79AAC,0.22018024265765174
CC_FC6AA879D9CF,0.12734186747200218
CC_FC7A926F3A64,0.7003673879224086
CC_FC83CB9C71CD,0.050238247080692966
CC_FC9E6D511294,0.13357666958226078
CC_FCA657E69930,0.3724824214840704
CC_FCB451237214,0.7908505804366692
CC_FCC7E51DF812,0.45038623410888184
CC_FCD42ECC012B,0.04789434780855509
CC_FCE8FAEAAEF1,0.10820660715352245
CC_FCFAE9BE2522,0.42686338192861
CC_FCFDB5DFE5D4,0.09544862884504582
CC_FD24FC7961A5,0.09459167201384981
CC_FD2793DCB5EF,0.12740473143352413
CC_FD2EEF724088,0.14867071689619663
CC_FD3205367675,0.10521138695113548
CC_FD3A21CDCA7C,0.1121295493644805
CC_FD3C4C2FB68C,0.14835231656312836
CC_FD41687DC1A0,0.14185828260957378
CC_FD44B4E31EFE,0.07846318488802537
CC_FD5721556AB7,0.06498188699790909
CC_FD643C174587,0.30370555034569063
CC_FD6BFA30DD9E,0.22031138900715722
CC_FD7C9DD7F11B,0.15248035897332562
CC_FD7F2D90CF8C,0.06065316705333823
CC_FD8C4F601909,0.06306255561565244
CC_FD90B45AA24E,0.10420660881062312
CC_FD95457772AB,0.06359157069428367
CC_FD9D9B58DB1A,0.18816665240006009
CC_FDA918AEB5D6,0.634596032834501
CC_FDD4C2065540,0.35004969232477556
CC_FDE57A2C5156,0.17923232702323622
CC_FDE9920975F6,0.2277834138662539
CC_FDEC856F9C6D,0.07302296423068735
CC_FDEED2AA92A3,0.43527357205368855
CC_FDF5607ECC1B,0.06630186955354637
CC_FDFED3D7E70E,0.1627073534582817
CC_FE0324F99784,0.11226510551567442
CC_FE0A18D6570D,0.04957612013546839
CC_FE0DACAC84BC,0.24539585293909816
CC_FE16586C9FAB,0.1897232237922312
CC_FE16FBC86237,0.16697863270065252
CC_FE1C808C4515,0.07144683303224429
CC_FE1E64201B9F,0.11287618930579699
CC_FE33D60E29EB,0.034788662921684664
CC_FE3ACE674BEA,0.11484003632884676
CC_FE468E9AA9D9,0.034525904757646456
CC_FE5AA923C220,0.16103533424354188
CC_FE6C777DDC19,0.05923323919280747
CC_FE6DD8C8EC90,0.25210915011098206
CC_FE7A84AAA8F7,0.11384359643498201
CC_FE7DB6B410A4,0.12358153292979612
CC_FE8691B1F3D9,0.08217593781096223
CC_FE874279A94B,0.11012077079390234
CC_FEA61499305D,0.1866661552865152
CC_FEC22B334AC5,0.15147264969955168
CC_FF045F9508F2,0.15949669486149282
CC_FF0EFF711598,0.22566158663128003
CC_FF12F53D5676,0.05097816731046932
CC_FF13D426EC1C,0.15699118514313362
CC_FF16A7C8600F,0.2466891990696975
CC_FF2236DC115C,0.4434365498787879
CC_FF2725428B6F,0.07789347154908399
CC_FF3176D91690,0.13314504563995933
CC_FF393D295D66,0.06748292099276175
CC_FF4598202C5F,0.6083176086581046
CC_FF463A4B3D04,0.25728539356783087
CC_FF4703F7664E,0.05588975332371413
CC_FF86EC3C0851,0.48980217775476087
CC_FF8A580DD831,0.138484568585918
CC_FF8BD8697ADE,0.13400058406869894
CC_FFA681A2054A,0.05171206473750414
CC_FFB6B2D2BB2A,0.3367914003793304
CC_FFBFA27643F8,0.1244142738205628
CC_FFC81CC80F9D,0.1324900279761365
CC_FFCC9C0763D4,0.10635339289279588
CC_FFD4E33DC920,0.5730790215977746
CC_FFDE11143038,0.06899322335077697
CC_FFEF28047C4F,0.35932273172642326
